Workbook

Sheet 00_Tong_quan
A1: SPA NHƯ NGUYỆT | TỔNG HỢP PHÂN TÍCH NGHIỆP VỤ & THIẾT KẾ HỆ THỐNG
A2: Nguồn chính: 126_DA_NTTT_NguyenXuanHoang_2214_v1.docx (báo cáo ĐATN – Chương 2) · tiến độ: đề cương 126_DC · v2.0 · 25/10/2026
A3: Cột 'Nguồn' phân biệt: DA = lấy từ báo cáo; ĐX = đề xuất bổ sung (cần GVHD/chủ spa chốt). Đặc tả UC giữ nguyên nội dung DA; phần bổ sung tách riêng. UC/bảng CSDL bám DA; màn hình, API là thiết kế triển khai đề xuất — repo SpaSystem hiện mới có foundation.
A4: Hạng mục | B4: Giá trị | C4: Ghi chú
A5: Tên đề tài | B5: Xây dựng hệ thống web quản lý các gói dịch vụ chăm sóc da mặt tại spa Như Nguyệt
A6: Sinh viên | B6: Nguyễn Xuân Hoàng — MSSV 22115053122214 — Lớp 22T2
A7: Người hướng dẫn | B7: ThS. Nguyễn Thị Thùy Trang | C7: Bộ môn duyệt: Nguyễn Thị Hà Quyên
A8: Thời gian thực hiện | B8: 31/08/2026 → 20/12/2026 (theo đề cương) | C8: 25_Ke_hoach
A9: Công nghệ | B9: ReactJS + TypeScript (web, responsive) · React Native (Android) · ASP.NET Core Web API (C#, Clean Architecture) · PostgreSQL + EF Core (Npgsql) · JWT · RESTful API | C9: DA – Phương pháp nghiên cứu
A10: Kiến trúc | B10: Client – Server; web và mobile dùng chung RESTful API | C10: DA – Mở đầu
A11: Bảo mật | B11: JWT xác thực/phân quyền; băm mật khẩu bằng ASP.NET Core Identity; CORS; HTTPS; upload ảnh qua API | C11: DA – Mở đầu
A12: Chống trùng lịch | B12: Giao dịch + ràng buộc ở tầng CSDL để hai yêu cầu đồng thời không chiếm cùng khung giờ của cùng nhân viên | C12: DA – Mở đầu; chi tiết 09_Thuat_toan_lich
A13: Phạm vi AI | B13: Hỗ trợ cung cấp thông tin và tư vấn dịch vụ — không chẩn đoán hay kết luận y khoa | C13: DA – Mục tiêu
A15: THỐNG KÊ
A16: Nghiệp vụ lớn | B16: =COUNTA('02_Nghiep_vu'!A5:A100)
A17: Tác nhân | B17: =COUNTA('03_Actor'!A5:A100) | C17: 4 actor người dùng + 4 hệ thống ngoài/nền
A18: Use case | B18: =COUNTA('04_Checklist_UC'!B5:B200) | C18: Theo danh sách actor của DA, gộp UC dùng chung
A19: UC có đặc tả trong DA | B19: =COUNTIF('04_Checklist_UC'!H5:H200,"DA: có đặc tả") | C19: Còn lại: đặc tả đề xuất
A20: Business rules | B20: =COUNTA('06_Business_Rules'!A5:A200)
A21: Màn hình (web + Android) | B21: =COUNTA('11_Man_hinh'!A5:A200) | C21: Tách web/Android ở 01_Dashboard
A22: API endpoints | B22: =COUNTA('12_API_Endpoints'!A5:A400) | C22: SPA-API-001 → 116
A23: Bảng CSDL theo DA | B23: =COUNTIF('17_DB_Bang'!D5:D200,"DA") | C23: + 3 bảng đề xuất bổ sung (ĐX)
A24: Vấn đề rà soát trong DA | B24: =COUNTA('26_Ra_soat_DA'!A5:A200) | C24: Cần sửa trước khi nộp báo cáo
A25: Test case UAT | B25: =COUNTA('23_UAT'!A5:A200)
A27: DANH MỤC SHEET
A28: 01_Dashboard | B28: Tiến độ & phân bổ UC theo nghiệp vụ, sprint, trạng thái (công thức tự cập nhật)
A29: 02_Nghiep_vu | B29: Nghiệp vụ lớn, số UC/API
A30: 03_Actor | B30: Tác nhân theo DA + hệ thống ngoài
A31: 04_Checklist_UC | B31: 34 UC: ưu tiên, độ khó, sprint, trạng thái BE/FE/Mobile/QA, tiêu chí nghiệm thu
A32: 05_Dac_ta_UC | B32: Đặc tả UC trích từ DA (Input, Output, Basic/Alternative/Exception flow) + cột rà soát/bổ sung
A33: 06_Business_Rules | B33: Quy tắc nghiệp vụ, nơi enforce, nguồn
A34: 07_Workflow | B34: Máy trạng thái: LichHen, DonHang, ThanhToan, quyền sử dụng, gói, liệu trình…
A35: 08_Quy_trinh | B35: Luồng nghiệp vụ xuyên suốt và đường đi màn hình
A36: 09_Thuat_toan_lich | B36: Thuật toán giờ trống & chống trùng lịch trên bảng LichLamViec/LichHen
A37: 10_Sidebar | B37: Menu theo vai trò
A38: 11_Man_hinh | B38: Màn hình web + Android, route khớp repo
A39: 12_API_Endpoints | B39: API REST đề xuất
... A54: 27_Truy_vet_MT | B54: Mục tiêu đề tài → UC
A56: ĐIỂM CẦN CHỐT
A57: Trợ lý AI cho khách vãng lai | B57: DA cho phép nhưng LichSuTroChuyenAI.IdKhachHang not null (RS-11)
A58: Xác nhận lịch luồng 2 | B58: Tự xác nhận hay chờ chủ spa xác nhận (RS-12)
A59: Thời gian giữ chỗ / hạn thanh toán | B59: Đề xuất 15 phút
A60: Chính sách đổi/hủy lịch | B60: Đề xuất trước giờ hẹn 24h (RS-16)
A61: Điều kiện đánh giá gói | B61: 'Đủ số buổi theo quy định' (RS-15)
A62: Hạn dùng dịch vụ lẻ đã mua | B62: DichVuKhachHang.NgayHetHan null = không giới hạn?
A63: Khách không đến | B63: Có trừ lượt/buổi không
A64: Cổng thanh toán | B64: DA chưa nêu tên (ThanhToan.NhaCungCap)
A65: Giao diện | B65: Tailwind CSS (DA) hay CSS Modules (repo) (RS-02)

Sheet 01_Dashboard
B2: DASHBOARD TIẾN ĐỘ & PHÂN RÃ NGHIỆP VỤ — SPA NHƯ NGUYỆT
B3: Tự cập nhật từ các sheet · nguồn 126_DA_NTTT_NguyenXuanHoang_2214_v1.docx · v2.0 · 25/10/2026
B5: TỔNG USE CASE | C5: UC P0 | D5: API | E5: MÀN HÌNH | F5: BẢNG DA | G5: VẤN ĐỀ DA | H5: TB TIẾN ĐỘ
B6: =COUNTA('04_Checklist_UC'!B5:B200) | C6: =COUNTIF('04_Checklist_UC'!I5:I200,"P0") | D6: =COUNTA('12_API_Endpoints'!A5:A400) | E6: =COUNTA('11_Man_hinh'!A5:A200) | F6: =COUNTIF('17_DB_Bang'!D5:D200,"DA") | G6: =COUNTIF('26_Ra_soat_DA'!G5:G200,"Chưa") | H6: =IFERROR(AVERAGE('04_Checklist_UC'!Q5:Q200),0)
B8: 1. PHÂN BỔ THEO NGHIỆP VỤ LỚN
B9: Mã | C9: Nghiệp vụ lớn | D9: Số UC | E9: Tỷ lệ | F9: UC P0 | G9: Số API | H9: TB tiến độ | I9: Trạng thái
B10: AUTH | C10: Tài khoản & xác thực | D10: =COUNTIF('04_Checklist_UC'!D$5:D$200,B10) | E10: =IFERROR(D10/$D$22,0) | F10: =COUNTIFS('04_Checklist_UC'!D$5:D$200,B10,'04_Checklist_UC'!I$5:I$200,"P0") | G10: =COUNTIF('12_API_Endpoints'!B$5:B$400,B10) | H10: =IFERROR(AVERAGEIF('04_Checklist_UC'!D$5:D$200,B10,'04_Checklist_UC'!Q$5:Q$200),0) | I10: =IF(D10=0,"Không có UC",IF(H10=1,"Hoàn thành",IF(H10>0,"Đang triển khai","Chưa bắt đầu")))
B11: CAT | C11: Dịch vụ & gói dịch vụ | D11: =COUNTIF('04_Checklist_UC'!D$5:D$200,B11) | E11: =IFERROR(D11/$D$22,0) | F11: =COUNTIFS('04_Checklist_UC'!D$5:D$200,B11,'04_Checklist_UC'!I$5:I$200,"P0") | G11: =COUNTIF('12_API_Endpoints'!B$5:B$400,B11) | H11: =IFERROR(AVERAGEIF('04_Checklist_UC'!D$5:D$200,B11,'04_Checklist_UC'!Q$5:Q$200),0) | I11: =IF(D11=0,"Không có UC",IF(H11=1,"Hoàn thành",IF(H11>0,"Đang triển khai","Chưa bắt đầu")))
B12: ORD | C12: Giỏ hàng, đơn hàng & thanh toán | D12: =COUNTIF('04_Checklist_UC'!D$5:D$200,B12) | E12: =IFERROR(D12/$D$22,0) | F12: =COUNTIFS('04_Checklist_UC'!D$5:D$200,B12,'04_Checklist_UC'!I$5:I$200,"P0") | G12: =COUNTIF('12_API_Endpoints'!B$5:B$400,B12) | H12: =IFERROR(AVERAGEIF('04_Checklist_UC'!D$5:D$200,B12,'04_Checklist_UC'!Q$5:Q$200),0) | I12: =IF(D12=0,"Không có UC",IF(H12=1,"Hoàn thành",IF(H12>0,"Đang triển khai","Chưa bắt đầu")))
B13: PRM | C13: Khuyến mãi | D13: =COUNTIF('04_Checklist_UC'!D$5:D$200,B13) | E13: =IFERROR(D13/$D$22,0) | F13: =COUNTIFS('04_Checklist_UC'!D$5:D$200,B13,'04_Checklist_UC'!I$5:I$200,"P0") | G13: =COUNTIF('12_API_Endpoints'!B$5:B$400,B13) | H13: =IFERROR(AVERAGEIF('04_Checklist_UC'!D$5:D$200,B13,'04_Checklist_UC'!Q$5:Q$200),0) | I13: =IF(D13=0,"Không có UC",IF(H13=1,"Hoàn thành",IF(H13>0,"Đang triển khai","Chưa bắt đầu")))
B14: BKG | C14: Đặt lịch & lịch hẹn | D14: =COUNTIF('04_Checklist_UC'!D$5:D$200,B14) | E14: =IFERROR(D14/$D$22,0) | F14: =COUNTIFS('04_Checklist_UC'!D$5:D$200,B14,'04_Checklist_UC'!I$5:I$200,"P0") | G14: =COUNTIF('12_API_Endpoints'!B$5:B$400,B14) | H14: =IFERROR(AVERAGEIF('04_Checklist_UC'!D$5:D$200,B14,'04_Checklist_UC'!Q$5:Q$200),0) | I14: =IF(D14=0,"Không có UC",IF(H14=1,"Hoàn thành",IF(H14>0,"Đang triển khai","Chưa bắt đầu")))
B15: TRT | C15: Quyền sử dụng & liệu trình | D15: =COUNTIF('04_Checklist_UC'!D$5:D$200,B15) | E15: =IFERROR(D15/$D$22,0) | F15: =COUNTIFS('04_Checklist_UC'!D$5:D$200,B15,'04_Checklist_UC'!I$5:I$200,"P0") | G15: =COUNTIF('12_API_Endpoints'!B$5:B$400,B15) | H15: =IFERROR(AVERAGEIF('04_Checklist_UC'!D$5:D$200,B15,'04_Checklist_UC'!Q$5:Q$200),0) | I15: =IF(D15=0,"Không có UC",IF(H15=1,"Hoàn thành",IF(H15>0,"Đang triển khai","Chưa bắt đầu")))
B16: STF | C16: Nhân viên & lịch làm việc | D16: =COUNTIF('04_Checklist_UC'!D$5:D$200,B16) | E16: =IFERROR(D16/$D$22,0) | F16: =COUNTIFS('04_Checklist_UC'!D$5:D$200,B16,'04_Checklist_UC'!I$5:I$200,"P0") | G16: =COUNTIF('12_API_Endpoints'!B$5:B$400,B16) | H16: =IFERROR(AVERAGEIF('04_Checklist_UC'!D$5:D$200,B16,'04_Checklist_UC'!Q$5:Q$200),0) | I16: =IF(D16=0,"Không có UC",IF(H16=1,"Hoàn thành",IF(H16>0,"Đang triển khai","Chưa bắt đầu")))
B17: CARE | C17: Chăm sóc & hồ sơ da | D17: =COUNTIF('04_Checklist_UC'!D$5:D$200,B17) | E17: =IFERROR(D17/$D$22,0) | F17: =COUNTIFS('04_Checklist_UC'!D$5:D$200,B17,'04_Checklist_UC'!I$5:I$200,"P0") | G17: =COUNTIF('12_API_Endpoints'!B$5:B$400,B17) | H17: =IFERROR(AVERAGEIF('04_Checklist_UC'!D$5:D$200,B17,'04_Checklist_UC'!Q$5:Q$200),0) | I17: =IF(D17=0,"Không có UC",IF(H17=1,"Hoàn thành",IF(H17>0,"Đang triển khai","Chưa bắt đầu")))
B18: REV | C18: Đánh giá | D18: =COUNTIF('04_Checklist_UC'!D$5:D$200,B18) | E18: =IFERROR(D18/$D$22,0) | F18: =COUNTIFS('04_Checklist_UC'!D$5:D$200,B18,'04_Checklist_UC'!I$5:I$200,"P0") | G18: =COUNTIF('12_API_Endpoints'!B$5:B$400,B18) | H18: =IFERROR(AVERAGEIF('04_Checklist_UC'!D$5:D$200,B18,'04_Checklist_UC'!Q$5:Q$200),0) | I18: =IF(D18=0,"Không có UC",IF(H18=1,"Hoàn thành",IF(H18>0,"Đang triển khai","Chưa bắt đầu")))
B19: AI | C19: Trợ lý AI | D19: =COUNTIF('04_Checklist_UC'!D$5:D$200,B19) | E19: =IFERROR(D19/$D$22,0) | F19: =COUNTIFS('04_Checklist_UC'!D$5:D$200,B19,'04_Checklist_UC'!I$5:I$200,"P0") | G19: =COUNTIF('12_API_Endpoints'!B$5:B$400,B19) | H19: =IFERROR(AVERAGEIF('04_Checklist_UC'!D$5:D$200,B19,'04_Checklist_UC'!Q$5:Q$200),0) | I19: =IF(D19=0,"Không có UC",IF(H19=1,"Hoàn thành",IF(H19>0,"Đang triển khai","Chưa bắt đầu")))
B20: RPT | C20: Thống kê & báo cáo | D20: =COUNTIF('04_Checklist_UC'!D$5:D$200,B20) | E20: =IFERROR(D20/$D$22,0) | F20: =COUNTIFS('04_Checklist_UC'!D$5:D$200,B20,'04_Checklist_UC'!I$5:I$200,"P0") | G20: =COUNTIF('12_API_Endpoints'!B$5:B$400,B20) | H20: =IFERROR(AVERAGEIF('04_Checklist_UC'!D$5:D$200,B20,'04_Checklist_UC'!Q$5:Q$200),0) | I20: =IF(D20=0,"Không có UC",IF(H20=1,"Hoàn thành",IF(H20>0,"Đang triển khai","Chưa bắt đầu")))
B21: NTF | C21: Thông báo | D21: =COUNTIF('04_Checklist_UC'!D$5:D$200,B21) | E21: =IFERROR(D21/$D$22,0) | F21: =COUNTIFS('04_Checklist_UC'!D$5:D$200,B21,'04_Checklist_UC'!I$5:I$200,"P0") | G21: =COUNTIF('12_API_Endpoints'!B$5:B$400,B21) | H21: =IFERROR(AVERAGEIF('04_Checklist_UC'!D$5:D$200,B21,'04_Checklist_UC'!Q$5:Q$200),0) | I21: =IF(D21=0,"Không có UC",IF(H21=1,"Hoàn thành",IF(H21>0,"Đang triển khai","Chưa bắt đầu")))
B22: TỔNG | C22: (chưa gồm 3 API hệ thống /system, /health) | D22: =SUM(D10:D21) | E22: =IFERROR(D22/D22,0) | F22: =SUM(F10:F21) | G22: =SUM(G10:G21) | H22: =IFERROR(AVERAGE('04_Checklist_UC'!Q5:Q200),0)
B24: 2. PHÂN BỔ THEO SPRINT
B25: Sprint | C25: Chủ đề | D25: Số UC | E25: UC P0 | F25: Tổng độ khó | G25: TB tiến độ | H25: Thời gian
B26: Sprint 1 | C26: Tài khoản, danh mục, nhân viên, đặt lịch lõi | D26: =COUNTIF('04_Checklist_UC'!K$5:K$200,B26) | E26: =COUNTIFS('04_Checklist_UC'!K$5:K$200,B26,'04_Checklist_UC'!I$5:I$200,"P0") | F26: =SUMIF('04_Checklist_UC'!K$5:K$200,B26,'04_Checklist_UC'!J$5:J$200) | G26: =IFERROR(AVERAGEIF('04_Checklist_UC'!K$5:K$200,B26,'04_Checklist_UC'!Q$5:Q$200),0) | H26: 12/10 → 08/11/2026
B27: Sprint 2 | C27: Mua hàng, quyền sử dụng, liệu trình, chăm sóc | D27: =COUNTIF('04_Checklist_UC'!K$5:K$200,B27) | E27: =COUNTIFS('04_Checklist_UC'!K$5:K$200,B27,'04_Checklist_UC'!I$5:I$200,"P0") | F27: =SUMIF('04_Checklist_UC'!K$5:K$200,B27,'04_Checklist_UC'!J$5:J$200) | G27: =IFERROR(AVERAGEIF('04_Checklist_UC'!K$5:K$200,B27,'04_Checklist_UC'!Q$5:Q$200),0) | H27: 26/10 → 22/11/2026
B28: Sprint 3 | C28: AI, báo cáo, thông báo | D28: =COUNTIF('04_Checklist_UC'!K$5:K$200,B28) | E28: =COUNTIFS('04_Checklist_UC'!K$5:K$200,B28,'04_Checklist_UC'!I$5:I$200,"P0") | F28: =SUMIF('04_Checklist_UC'!K$5:K$200,B28,'04_Checklist_UC'!J$5:J$200) | G28: =IFERROR(AVERAGEIF('04_Checklist_UC'!K$5:K$200,B28,'04_Checklist_UC'!Q$5:Q$200),0) | H28: 09/11 → 06/12/2026
B30: 3. TRẠNG THÁI TRIỂN KHAI
B31: Trạng thái | C31: BE | D31: FE Web | E31: Mobile | F31: QA
B32: Chưa làm | C32: =COUNTIF('04_Checklist_UC'!M$5:M$200,B32) | D32: =COUNTIF('04_Checklist_UC'!N$5:N$200,B32) | E32: =COUNTIF('04_Checklist_UC'!O$5:O$200,B32) | F32: =COUNTIF('04_Checklist_UC'!P$5:P$200,B32)
B33: Đang làm | C33: =COUNTIF('04_Checklist_UC'!M$5:M$200,B33) | D33: =COUNTIF('04_Checklist_UC'!N$5:N$200,B33) | E33: =COUNTIF('04_Checklist_UC'!O$5:O$200,B33) | F33: =COUNTIF('04_Checklist_UC'!P$5:P$200,B33)
B34: Done chờ Test | C34: =COUNTIF('04_Checklist_UC'!M$5:M$200,B34) | D34: =COUNTIF('04_Checklist_UC'!N$5:N$200,B34) | E34: =COUNTIF('04_Checklist_UC'!O$5:O$200,B34) | F34: =COUNTIF('04_Checklist_UC'!P$5:P$200,B34)
B35: Hoàn thành | C35: =COUNTIF('04_Checklist_UC'!M$5:M$200,B35) | D35: =COUNTIF('04_Checklist_UC'!N$5:N$200,B35) | E35: =COUNTIF('04_Checklist_UC'!O$5:O$200,B35) | F35: =COUNTIF('04_Checklist_UC'!P$5:P$200,B35)
B36: Tạm dừng | C36: =COUNTIF('04_Checklist_UC'!M$5:M$200,B36) | D36: =COUNTIF('04_Checklist_UC'!N$5:N$200,B36) | E36: =COUNTIF('04_Checklist_UC'!O$5:O$200,B36) | F36: =COUNTIF('04_Checklist_UC'!P$5:P$200,B36)
B37: N/A | C37: =COUNTIF('04_Checklist_UC'!M$5:M$200,B37) | D37: =COUNTIF('04_Checklist_UC'!N$5:N$200,B37) | E37: =COUNTIF('04_Checklist_UC'!O$5:O$200,B37) | F37: =COUNTIF('04_Checklist_UC'!P$5:P$200,B37)
B39: 4. MÀN HÌNH, API, TÀI LIỆU
B40: Chỉ tiêu | C40: Giá trị
B41: Màn hình Web | C41: =COUNTIF('11_Man_hinh'!B5:B200,"Web")
B42: Màn hình Android | C42: =COUNTIF('11_Man_hinh'!B5:B200,"Android")
B43: Route đã có placeholder | C43: =COUNTIF('11_Man_hinh'!G5:G200,"Đã có placeholder")
B44: Route cần tạo / đổi tên | C44: =COUNTA('11_Man_hinh'!G5:G200)-COUNTIF('11_Man_hinh'!G5:G200,"Đã có placeholder")
B45: API GET | C45: =COUNTIF('12_API_Endpoints'!E5:E400,"GET")
B46: API ghi (POST/PUT/PATCH/DELETE) | C46: =COUNTA('12_API_Endpoints'!E5:E400)-COUNTIF('12_API_Endpoints'!E5:E400,"GET")
B47: API đã có trong repo | C47: =COUNTIF('12_API_Endpoints'!O5:O400,"Đã có")
B48: UC chưa có đặc tả trong DA | C48: =COUNTIF('04_Checklist_UC'!H5:H200,"DA: chỉ*")
B49: Vấn đề DA mức Cao chưa sửa | C49: =COUNTIFS('26_Ra_soat_DA'!F5:F200,"Cao",'26_Ra_soat_DA'!G5:G200,"Chưa")
B50: Mục tiêu chưa phủ | C50: =COUNTIF('27_Truy_vet_MT'!E5:E50,"CHƯA PHỦ")

Sheet 02_Nghiep_vu
A1: 02 · DANH SÁCH NGHIỆP VỤ LỚN
A2: 12 nghiệp vụ · gom từ danh sách UC của DA
A3: Số UC / P0 / API là công thức đếm từ 04_Checklist_UC và 12_API_Endpoints.
A4: Mã nhóm | B4: Nghiệp vụ lớn | C4: Mô tả phạm vi | D4: Nguồn | E4: Số UC | F4: UC P0 | G4: Số API | H4: Danh sách UC
A5: AUTH | B5: Tài khoản & xác thực | C5: Đăng ký (OTP email), đăng nhập theo vai trò, quên mật khẩu (OTP), cập nhật thông tin, chủ spa quản lý tài khoản | D5: DA §2.2.1 | E5: =COUNTIF('04_Checklist_UC'!D$5:D$200,A5) | F5: =COUNTIFS('04_Checklist_UC'!D$5:D$200,A5,'04_Checklist_UC'!I$5:I$200,"P0") | G5: =COUNTIF('12_API_Endpoints'!B$5:B$400,A5) | H5: UC-SPA-01, UC-SPA-02, UC-SPA-03, UC-SPA-04, UC-SPA-05
A6: CAT | B6: Dịch vụ & gói dịch vụ | C6: Tìm kiếm, xem chi tiết, giới thiệu spa; chủ spa quản lý dịch vụ và gói (dịch vụ thành phần, số buổi) | D6: DA §2.2.1 | E6: =COUNTIF('04_Checklist_UC'!D$5:D$200,A6) | F6: =COUNTIFS('04_Checklist_UC'!D$5:D$200,A6,'04_Checklist_UC'!I$5:I$200,"P0") | G6: =COUNTIF('12_API_Endpoints'!B$5:B$400,A6) | H6: UC-SPA-06, UC-SPA-07, UC-SPA-08, UC-SPA-09
A7: ORD | B7: Giỏ hàng, đơn hàng & thanh toán | C7: Giỏ hàng, thanh toán trực tuyến qua cổng, đơn hàng của khách và quản lý đơn của chủ spa | D7: DA §2.2.1 | E7: =COUNTIF('04_Checklist_UC'!D$5:D$200,A7) | F7: =COUNTIFS('04_Checklist_UC'!D$5:D$200,A7,'04_Checklist_UC'!I$5:I$200,"P0") | G7: =COUNTIF('12_API_Endpoints'!B$5:B$400,A7) | H7: UC-SPA-10, UC-SPA-11, UC-SPA-12, UC-SPA-13
A8: PRM | B8: Khuyến mãi | C8: Chủ spa quản lý chương trình; khách nhập mã khi thanh toán | D8: DA §2.2.1 | E8: =COUNTIF('04_Checklist_UC'!D$5:D$200,A8) | F8: =COUNTIFS('04_Checklist_UC'!D$5:D$200,A8,'04_Checklist_UC'!I$5:I$200,"P0") | G8: =COUNTIF('12_API_Endpoints'!B$5:B$400,A8) | H8: UC-SPA-14
A9: BKG | B9: Đặt lịch & lịch hẹn | C9: Đặt lịch (đặt ngay + thanh toán / đặt từ dịch vụ, gói đã mua), đổi/hủy, chủ spa điều phối | D9: DA §2.2.1 | E9: =COUNTIF('04_Checklist_UC'!D$5:D$200,A9) | F9: =COUNTIFS('04_Checklist_UC'!D$5:D$200,A9,'04_Checklist_UC'!I$5:I$200,"P0") | G9: =COUNTIF('12_API_Endpoints'!B$5:B$400,A9) | H9: UC-SPA-15, UC-SPA-16, UC-SPA-17
A10: TRT | B10: Quyền sử dụng & liệu trình | C10: Dịch vụ và gói đã mua, liệu trình nhiều buổi, lịch sử sử dụng | D10: DA §2.2.1 | E10: =COUNTIF('04_Checklist_UC'!D$5:D$200,A10) | F10: =COUNTIFS('04_Checklist_UC'!D$5:D$200,A10,'04_Checklist_UC'!I$5:I$200,"P0") | G10: =COUNTIF('12_API_Endpoints'!B$5:B$400,A10) | H10: UC-SPA-18, UC-SPA-19, UC-SPA-20, UC-SPA-21
A11: STF | B11: Nhân viên & lịch làm việc | C11: Hồ sơ nhân viên, nghỉ việc, phân công ca, nhân viên xem lịch và lịch hẹn được phân công | D11: DA §2.2.1 | E11: =COUNTIF('04_Checklist_UC'!D$5:D$200,A11) | F11: =COUNTIFS('04_Checklist_UC'!D$5:D$200,A11,'04_Checklist_UC'!I$5:I$200,"P0") | G11: =COUNTIF('12_API_Endpoints'!B$5:B$400,A11) | H11: UC-SPA-22, UC-SPA-23, UC-SPA-24, UC-SPA-25
A12: CARE | B12: Chăm sóc & hồ sơ da | C12: Lịch sử khách đã chăm sóc, hồ sơ da, dị ứng, xác nhận hoàn thành buổi | D12: DA §2.2.1 | E12: =COUNTIF('04_Checklist_UC'!D$5:D$200,A12) | F12: =COUNTIFS('04_Checklist_UC'!D$5:D$200,A12,'04_Checklist_UC'!I$5:I$200,"P0") | G12: =COUNTIF('12_API_Endpoints'!B$5:B$400,A12) | H12: UC-SPA-26, UC-SPA-27, UC-SPA-28
A13: REV | B13: Đánh giá | C13: Xem đánh giá, khách đánh giá (kèm ảnh), chủ spa phản hồi/ẩn | D13: DA §2.2.1 | E13: =COUNTIF('04_Checklist_UC'!D$5:D$200,A13) | F13: =COUNTIFS('04_Checklist_UC'!D$5:D$200,A13,'04_Checklist_UC'!I$5:I$200,"P0") | G13: =COUNTIF('12_API_Endpoints'!B$5:B$400,A13) | H13: UC-SPA-29, UC-SPA-30, UC-SPA-31
A14: AI | B14: Trợ lý AI | C14: Tư vấn dịch vụ theo nhu cầu, lưu lịch sử trao đổi | D14: DA §2.2.1 | E14: =COUNTIF('04_Checklist_UC'!D$5:D$200,A14) | F14: =COUNTIFS('04_Checklist_UC'!D$5:D$200,A14,'04_Checklist_UC'!I$5:I$200,"P0") | G14: =COUNTIF('12_API_Endpoints'!B$5:B$400,A14) | H14: UC-SPA-32
A15: RPT | B15: Thống kê & báo cáo | C15: Doanh thu theo khoảng thời gian và tiêu chí, biểu đồ | D15: DA §2.2.1 | E15: =COUNTIF('04_Checklist_UC'!D$5:D$200,A15) | F15: =COUNTIFS('04_Checklist_UC'!D$5:D$200,A15,'04_Checklist_UC'!I$5:I$200,"P0") | G15: =COUNTIF('12_API_Endpoints'!B$5:B$400,A15) | H15: UC-SPA-33
A16: NTF | B16: Thông báo | C16: Thông báo/nhắc lịch cho khách hàng và nhân viên | D16: DA §2.2.1 | E16: =COUNTIF('04_Checklist_UC'!D$5:D$200,A16) | F16: =COUNTIFS('04_Checklist_UC'!D$5:D$200,A16,'04_Checklist_UC'!I$5:I$200,"P0") | G16: =COUNTIF('12_API_Endpoints'!B$5:B$400,A16) | H16: UC-SPA-34

Sheet 03_Actor
A1: 03 · TÁC NHÂN (ACTOR)
A2: Theo mục 'Liệt kê Actor và Usecase' của DA + hệ thống ngoài
A3: Mã actor dùng trong cột Actor / Vai trò ở các sheet khác.
A4: Mã | B4: Tác nhân | C4: Phạm vi | D4: Nền tảng | E4: Nguồn | F4: Số UC tham gia
A5: GUEST | B5: Khách vãng lai | C5: Tìm kiếm, xem chi tiết dịch vụ/gói, xem giới thiệu spa, xem đánh giá, đăng ký, đăng nhập, quên mật khẩu; theo đặc tả còn được trò chuyện với AI | D5: Web, Android | E5: DA – Liệt kê Actor | F5: =COUNTIF('04_Checklist_UC'!G$5:G$200,"*"&A5&"*")
A6: CUS | B6: Khách hàng | C6: Cập nhật tài khoản, tìm kiếm, AI, dịch vụ/gói đã mua, đặt lịch, giỏ hàng, lịch hẹn, thanh toán, liệu trình, lịch sử, thông báo, đơn hàng, đánh giá | D6: Web, Android | E6: DA – Liệt kê Actor | F6: =COUNTIF('04_Checklist_UC'!G$5:G$200,"*"&A6&"*")
A7: STF | B7: Nhân viên | C7: Cập nhật tài khoản, thông báo, lịch làm việc cá nhân, lịch hẹn được phân công, lịch sử khách đã chăm sóc, hồ sơ da, xác nhận hoàn thành, quản lý liệu trình | D7: Web, Android | E7: DA – Liệt kê Actor | F7: =COUNTIF('04_Checklist_UC'!G$5:G$200,"*"&A7&"*")
A8: OWN | B8: Chủ spa | C8: Quản lý nhân viên, tài khoản người dùng, đơn hàng, phân công lịch, dịch vụ & gói, khuyến mãi, lịch hẹn, liệu trình, đánh giá; xem báo cáo doanh thu | D8: Web (Android rút gọn) | E8: DA – Liệt kê Actor | F8: =COUNTIF('04_Checklist_UC'!G$5:G$200,"*"&A8&"*")
A9: PGW | B9: Cổng thanh toán | C9: Xử lý giao dịch và gửi kết quả (DA không nêu tên cổng; ThanhToan.NhaCungCap) | D9: Bên ngoài | E9: DA – UC Thanh toán trực tuyến | F9: =COUNTIF('04_Checklist_UC'!G$5:G$200,"*"&A9&"*")
A10: LLM | B10: Dịch vụ AI | C10: Xử lý câu hỏi và trả kết quả cho trợ lý | D10: Bên ngoài | E10: DA – UC Trò chuyện với AI | F10: =COUNTIF('04_Checklist_UC'!G$5:G$200,"*"&A10&"*")
A11: MAIL | B11: Dịch vụ email | C11: Gửi OTP đăng ký/quên mật khẩu, thông báo nhắc lịch | D11: Bên ngoài | E11: DA – UC Đăng ký, Quên mật khẩu; Mở đầu | F11: =COUNTIF('04_Checklist_UC'!G$5:G$200,"*"&A11&"*")
A12: SYS | B12: Hệ thống (tác vụ nền) | C12: Hết hạn giữ chỗ/đơn, hết hạn quyền sử dụng, gửi nhắc lịch | D12: Backend | E12: ĐX (suy ra từ DonHang.HetHanThanhToanLuc, LichHen.GiuChoDen) | F12: =COUNTIF('04_Checklist_UC'!G$5:G$200,"*"&A12&"*")

Sheet 04_Checklist_UC
A1: 04 · CHECKLIST USE CASE
A2: 34 UC · UC-SPA-01 → UC-SPA-34 · tên UC theo DA · trạng thái tại 25/10/2026: chưa triển khai (repo mới có foundation)
A3: Chỉnh cột M–P. N/A = UC không có trên nền tảng đó. Tiến độ (Q) = trung bình các cột áp dụng: Đang làm 50%, Done chờ Test/Hoàn thành 100%. Ưu tiên, độ khó, sprint, tiêu chí nghiệm thu là ĐỀ XUẤT.
A4: STT | B4: Mã UC | C4: Nghiệp vụ lớn | D4: Mã nhóm | E4: Tên Use Case (DA) | F4: Mô tả (DA) | G4: Actor | H4: Nguồn | I4: Ưu tiên | J4: Độ khó (1-10) | K4: Sprint | L4: Nền tảng | M4: Trạng thái BE | N4: Trạng thái FE Web | O4: Trạng thái Mobile | P4: Trạng thái QA | Q4: Tiến độ | R4: Tiêu chí nghiệm thu (ĐX) | S4: Ghi chú
A5: 1 | B5: UC-SPA-01 | C5: Tài khoản & xác thực | D5: AUTH | E5: Đăng ký tài khoản | F5: Khách tạo tài khoản thông qua xác thực OTP email | G5: GUEST | H5: DA: có đặc tả | I5: P0 | J5: 4 | K5: Sprint 1 | L5: Web, Android | M5: Chưa làm | N5: Chưa làm | O5: Chưa làm | P5: Chưa làm | Q5: =IFERROR(ROUND((IF(M5="Hoàn thành",1,IF(M5="Done chờ Test",1,IF(M5="Đang làm",0.5,0)))+IF(N5="Hoàn thành",1,IF(N5="Done chờ Test",1,IF(N5="Đang làm",0.5,0)))+IF(O5="Hoàn thành",1,IF(O5="Done chờ Test",1,IF(O5="Đang làm",0.5,0)))+IF(P5="Hoàn thành",1,IF(P5="Done chờ Test",1,IF(P5="Đang làm",0.5,0))))/(4-COUNTIF(M5:P5,"N/A")),4),0) | R5: Email, SĐT duy nhất; OTP 6 số hết hạn sau 5 phút, tối đa 5 lần nhập sai; chỉ tạo NguoiDung + KhachHang sau khi OTP đúng; chuyển đến đăng nhập | S5: Cần lưu tạm thông tin đăng ký + OTP (ERD chưa có bảng)
A6: 2 | B6: UC-SPA-02 | C6: Tài khoản & xác thực | D6: AUTH | E6: Đăng nhập | F6: Người dùng đăng nhập để sử dụng chức năng theo vai trò | G6: CUS; STF; OWN | H6: DA: có đặc tả | I6: P0 | J6: 4 | K6: Sprint 1 | L6: Web, Android | M6: Chưa làm | N6: Chưa làm | O6: Chưa làm | P6: Chưa làm | Q6: =IFERROR(ROUND((IF(M6="Hoàn thành",1,IF(M6="Done chờ Test",1,IF(M6="Đang làm",0.5,0)))+IF(N6="Hoàn thành",1,IF(N6="Done chờ Test",1,IF(N6="Đang làm",0.5,0)))+IF(O6="Hoàn thành",1,IF(O6="Done chờ Test",1,IF(O6="Đang làm",0.5,0)))+IF(P6="Hoàn thành",1,IF(P6="Done chờ Test",1,IF(P6="Đang làm",0.5,0))))/(4-COUNTIF(M6:P6,"N/A")),4),0) | R6: Đăng nhập bằng email/SĐT + mật khẩu; tài khoản bị khóa/ngừng hoạt động bị từ chối; điều hướng theo VaiTro; A1 quay lại thao tác đang dở | S6: JWT
A7: 3 | B7: UC-SPA-03 | C7: Tài khoản & xác thực | D7: AUTH | E7: Quên mật khẩu | F7: Người dùng đặt lại mật khẩu bằng OTP gửi qua email | G7: CUS; STF; OWN | H7: DA: có đặc tả | I7: P1 | J7: 4 | K7: Sprint 1 | L7: Web, Android | M7: Chưa làm | N7: Chưa làm | O7: Chưa làm | P7: Chưa làm | Q7: =IFERROR(ROUND((IF(M7="Hoàn thành",1,IF(M7="Done chờ Test",1,IF(M7="Đang làm",0.5,0)))+IF(N7="Hoàn thành",1,IF(N7="Done chờ Test",1,IF(N7="Đang làm",0.5,0)))+IF(O7="Hoàn thành",1,IF(O7="Done chờ Test",1,IF(O7="Đang làm",0.5,0)))+IF(P7="Hoàn thành",1,IF(P7="Done chờ Test",1,IF(P7="Đang làm",0.5,0))))/(4-COUNTIF(M7:P7,"N/A")),4),0) | R7: OTP dùng 1 lần, hết hạn 5 phút; mật khẩu mới đủ mạnh và khớp xác nhận; đặt lại xong thu hồi các phiên đăng nhập | S7: DA ghi chú: sơ đồ chưa có nhánh mật khẩu mới không hợp lệ
A8: 4 | B8: UC-SPA-04 | C8: Tài khoản & xác thực | D8: AUTH | E8: Cập nhật thông tin tài khoản | F8: Người dùng chỉnh sửa thông tin cá nhân | G8: CUS; STF; OWN | H8: DA: có đặc tả | I8: P1 | J8: 2 | K8: Sprint 1 | L8: Web, Android | M8: Chưa làm | N8: Chưa làm | O8: Chưa làm | P8: Chưa làm | Q8: =IFERROR(ROUND((IF(M8="Hoàn thành",1,IF(M8="Done chờ Test",1,IF(M8="Đang làm",0.5,0)))+IF(N8="Hoàn thành",1,IF(N8="Done chờ Test",1,IF(N8="Đang làm",0.5,0)))+IF(O8="Hoàn thành",1,IF(O8="Done chờ Test",1,IF(O8="Đang làm",0.5,0)))+IF(P8="Hoàn thành",1,IF(P8="Done chờ Test",1,IF(P8="Đang làm",0.5,0))))/(4-COUNTIF(M8:P8,"N/A")),4),0) | R8: Sửa HoTen, SDT, NgaySinh, GioiTinh, AnhDaiDien; không tự đổi VaiTro/TrangThai; SĐT không trùng
A9: 5 | B9: UC-SPA-05 | C9: Tài khoản & xác thực | D9: AUTH | E9: Quản lý tài khoản người dùng | F9: Chủ spa xem hoặc chỉnh sửa và khóa hoặc mở tài khoản | G9: OWN | H9: DA: có đặc tả | I9: P1 | J9: 3 | K9: Sprint 2 | L9: Web | M9: Chưa làm | N9: Chưa làm | O9: N/A | P9: Chưa làm | Q9: =IFERROR(ROUND((IF(M9="Hoàn thành",1,IF(M9="Done chờ Test",1,IF(M9="Đang làm",0.5,0)))+IF(N9="Hoàn thành",1,IF(N9="Done chờ Test",1,IF(N9="Đang làm",0.5,0)))+IF(O9="Hoàn thành",1,IF(O9="Done chờ Test",1,IF(O9="Đang làm",0.5,0)))+IF(P9="Hoàn thành",1,IF(P9="Done chờ Test",1,IF(P9="Đang làm",0.5,0))))/(4-COUNTIF(M9:P9,"N/A")),4),0) | R9: Tìm theo tên/email/SĐT/vai trò; khóa tài khoản thì thu hồi phiên đăng nhập; chủ spa không tự khóa chính mình
A10: 6 | B10: UC-SPA-06 | C10: Dịch vụ & gói dịch vụ | D10: CAT | E10: Tìm kiếm dịch vụ và gói dịch vụ | F10: Khách vãng lai hoặc khách hàng tìm kiếm các dịch vụ, gói dịch vụ chăm sóc da đang có trên hệ thống | G10: GUEST; CUS | H10: DA: có đặc tả | I10: P0 | J10: 4 | K10: Sprint 1 | L10: Web, Android | M10: Chưa làm | N10: Chưa làm | O10: Chưa làm | P10: Chưa làm | Q10: =IFERROR(ROUND((IF(M10="Hoàn thành",1,IF(M10="Done chờ Test",1,IF(M10="Đang làm",0.5,0)))+IF(N10="Hoàn thành",1,IF(N10="Done chờ Test",1,IF(N10="Đang làm",0.5,0)))+IF(O10="Hoàn thành",1,IF(O10="Done chờ Test",1,IF(O10="Đang làm",0.5,0)))+IF(P10="Hoàn thành",1,IF(P10="Done chờ Test",1,IF(P10="Đang làm",0.5,0))))/(4-COUNTIF(M10:P10,"N/A")),4),0) | R10: Chỉ hiển thị mục TrangThai = DangBan; lọc theo từ khóa, danh mục (LoaiDichVu), khoảng giá; khách đã đăng nhập lọc 'chỉ dịch vụ đã từng sử dụng'; phân trang | S10: A3: hỏi trợ lý AI ngay từ trang tìm kiếm
A11: 7 | B11: UC-SPA-07 | C11: Dịch vụ & gói dịch vụ | D11: CAT | E11: Xem chi tiết dịch vụ, gói dịch vụ | F11: Xem mô tả, thời lượng, giá, hình ảnh; với gói: dịch vụ thành phần, số buổi, thứ tự, thời hạn | G11: GUEST; CUS | H11: DA: chỉ liệt kê, chưa đặc tả | I11: P0 | J11: 2 | K11: Sprint 1 | L11: Web, Android | M11: Chưa làm | N11: Chưa làm | O11: Chưa làm | P11: Chưa làm | Q11: =IFERROR(ROUND((IF(M11="Hoàn thành",1,IF(M11="Done chờ Test",1,IF(M11="Đang làm",0.5,0)))+IF(N11="Hoàn thành",1,IF(N11="Done chờ Test",1,IF(N11="Đang làm",0.5,0)))+IF(O11="Hoàn thành",1,IF(O11="Done chờ Test",1,IF(O11="Đang làm",0.5,0)))+IF(P11="Hoàn thành",1,IF(P11="Done chờ Test",1,IF(P11="Đang làm",0.5,0))))/(4-COUNTIF(M11:P11,"N/A")),4),0) | R11: Gói hiển thị GoiDichVuChiTiet theo ThuTu; có nút Thêm vào giỏ / Đặt ngay (dịch vụ) / Mua gói; mục ngừng bán trả 404 với khách | S11: Có trong danh sách UC của Khách vãng lai nhưng chưa có bảng đặc tả
A12: 8 | B12: UC-SPA-08 | C12: Dịch vụ & gói dịch vụ | D12: CAT | E12: Xem thông tin giới thiệu về spa | F12: Người dùng xem thông tin giới thiệu và liên hệ của spa | G12: GUEST; CUS | H12: DA: có đặc tả | I12: P2 | J12: 1 | K12: Sprint 1 | L12: Web, Android | M12: Chưa làm | N12: Chưa làm | O12: Chưa làm | P12: Chưa làm | Q12: =IFERROR(ROUND((IF(M12="Hoàn thành",1,IF(M12="Done chờ Test",1,IF(M12="Đang làm",0.5,0)))+IF(N12="Hoàn thành",1,IF(N12="Done chờ Test",1,IF(N12="Đang làm",0.5,0)))+IF(O12="Hoàn thành",1,IF(O12="Done chờ Test",1,IF(O12="Đang làm",0.5,0)))+IF(P12="Hoàn thành",1,IF(P12="Done chờ Test",1,IF(P12="Đang làm",0.5,0))))/(4-COUNTIF(M12:P12,"N/A")),4),0) | R12: Hiển thị giới thiệu, địa chỉ, SĐT, giờ mở cửa | S12: Luồng rẽ nhánh/ngoại lệ trong DA đang chép từ UC Tìm kiếm; ERD chưa có bảng thông tin spa
A13: 9 | B13: UC-SPA-09 | C13: Dịch vụ & gói dịch vụ | D13: CAT | E13: Quản lý dịch vụ và gói dịch vụ | F13: Chủ spa thêm hoặc sửa hoặc ngừng bán sản phẩm | G13: OWN | H13: DA: có đặc tả | I13: P0 | J13: 5 | K13: Sprint 1 | L13: Web | M13: Chưa làm | N13: Chưa làm | O13: N/A | P13: Chưa làm | Q13: =IFERROR(ROUND((IF(M13="Hoàn thành",1,IF(M13="Done chờ Test",1,IF(M13="Đang làm",0.5,0)))+IF(N13="Hoàn thành",1,IF(N13="Done chờ Test",1,IF(N13="Đang làm",0.5,0)))+IF(O13="Hoàn thành",1,IF(O13="Done chờ Test",1,IF(O13="Đang làm",0.5,0)))+IF(P13="Hoàn thành",1,IF(P13="Done chờ Test",1,IF(P13="Đang làm",0.5,0))))/(4-COUNTIF(M13:P13,"N/A")),4),0) | R13: Dịch vụ: ThoiLuongPhut > 0, Gia ≥ 0; gói: ≥ 1 dịch vụ thành phần, SoBuoi > 0, ThuTu > 0, KhoangCachNgayToiThieu ≥ 0, ThoiHanNgay > 0; ngừng bán thay vì xóa; sửa không ảnh hưởng đơn/gói đã mua (đã lưu snapshot)
A14: 10 | B14: UC-SPA-10 | C14: Giỏ hàng, đơn hàng & thanh toán | D14: ORD | E14: Quản lý giỏ hàng | F14: Khách thêm hoặc xóa sản phẩm và chuyển sang thanh toán | G14: CUS | H14: DA: có đặc tả | I14: P1 | J14: 3 | K14: Sprint 2 | L14: Web, Android | M14: Chưa làm | N14: Chưa làm | O14: Chưa làm | P14: Chưa làm | Q14: =IFERROR(ROUND((IF(M14="Hoàn thành",1,IF(M14="Done chờ Test",1,IF(M14="Đang làm",0.5,0)))+IF(N14="Hoàn thành",1,IF(N14="Done chờ Test",1,IF(N14="Đang làm",0.5,0)))+IF(O14="Hoàn thành",1,IF(O14="Done chờ Test",1,IF(O14="Đang làm",0.5,0)))+IF(P14="Hoàn thành",1,IF(P14="Done chờ Test",1,IF(P14="Đang làm",0.5,0))))/(4-COUNTIF(M14:P14,"N/A")),4),0) | R14: Mỗi khách 1 giỏ (GioHang.IdKhachHang unique); không thêm trùng sản phẩm; DonGia ghi nhận khi thêm chỉ để tham khảo, giá thật lấy lại khi thanh toán
A15: 11 | B15: UC-SPA-11 | C15: Giỏ hàng, đơn hàng & thanh toán | D15: ORD | E15: Thanh toán trực tuyến | F15: Khách thanh toán đơn qua cổng thanh toán online | G15: CUS; PGW | H15: DA: có đặc tả | I15: P0 | J15: 8 | K15: Sprint 2 | L15: Web, Android | M15: Chưa làm | N15: Chưa làm | O15: Chưa làm | P15: Chưa làm | Q15: =IFERROR(ROUND((IF(M15="Hoàn thành",1,IF(M15="Done chờ Test",1,IF(M15="Đang làm",0.5,0)))+IF(N15="Hoàn thành",1,IF(N15="Done chờ Test",1,IF(N15="Đang làm",0.5,0)))+IF(O15="Hoàn thành",1,IF(O15="Done chờ Test",1,IF(O15="Đang làm",0.5,0)))+IF(P15="Hoàn thành",1,IF(P15="Done chờ Test",1,IF(P15="Đang làm",0.5,0))))/(4-COUNTIF(M15:P15,"N/A")),4),0) | R15: Kiểm tra sản phẩm còn bán và lấy giá hiện tại; áp mã KM (A1); kết quả từ cổng phải được xác thực; thành công → DonHang DaThanhToan và tạo quyền sử dụng (DichVuKhachHang/GoiKhachHang); thất bại cho thử lại trên đơn còn hạn | S15: Cổng thanh toán chưa chốt
A16: 12 | B16: UC-SPA-12 | C16: Giỏ hàng, đơn hàng & thanh toán | D16: ORD | E16: Quản lý đơn hàng đã mua | F16: Khách xem đơn và thực hiện thanh toán lại hoặc hủy đơn chưa thanh toán | G16: CUS | H16: DA: có đặc tả | I16: P1 | J16: 3 | K16: Sprint 2 | L16: Web, Android | M16: Chưa làm | N16: Chưa làm | O16: Chưa làm | P16: Chưa làm | Q16: =IFERROR(ROUND((IF(M16="Hoàn thành",1,IF(M16="Done chờ Test",1,IF(M16="Đang làm",0.5,0)))+IF(N16="Hoàn thành",1,IF(N16="Done chờ Test",1,IF(N16="Đang làm",0.5,0)))+IF(O16="Hoàn thành",1,IF(O16="Done chờ Test",1,IF(O16="Đang làm",0.5,0)))+IF(P16="Hoàn thành",1,IF(P16="Done chờ Test",1,IF(P16="Đang làm",0.5,0))))/(4-COUNTIF(M16:P16,"N/A")),4),0) | R16: Chỉ đơn của chính khách; thanh toán lại khi đơn ChoThanhToan và chưa quá HetHanThanhToanLuc; hủy chỉ khi chưa thanh toán (giải phóng giữ chỗ nếu có)
A17: 13 | B17: UC-SPA-13 | C17: Giỏ hàng, đơn hàng & thanh toán | D17: ORD | E17: Quản lý đơn hàng | F17: Chủ spa xem đơn và hủy đơn chưa thanh toán | G17: OWN | H17: DA: có đặc tả | I17: P1 | J17: 3 | K17: Sprint 2 | L17: Web | M17: Chưa làm | N17: Chưa làm | O17: N/A | P17: Chưa làm | Q17: =IFERROR(ROUND((IF(M17="Hoàn thành",1,IF(M17="Done chờ Test",1,IF(M17="Đang làm",0.5,0)))+IF(N17="Hoàn thành",1,IF(N17="Done chờ Test",1,IF(N17="Đang làm",0.5,0)))+IF(O17="Hoàn thành",1,IF(O17="Done chờ Test",1,IF(O17="Đang làm",0.5,0)))+IF(P17="Hoàn thành",1,IF(P17="Done chờ Test",1,IF(P17="Đang làm",0.5,0))))/(4-COUNTIF(M17:P17,"N/A")),4),0) | R17: Tìm theo mã đơn, khách, trạng thái, khoảng ngày; hủy cần xác nhận và chỉ áp dụng đơn chưa thanh toán
A18: 14 | B18: UC-SPA-14 | C18: Khuyến mãi | D18: PRM | E18: Quản lý chương trình khuyến mãi | F18: Chủ spa thêm hoặc sửa hoặc ngừng khuyến mãi | G18: OWN | H18: DA: có đặc tả | I18: P1 | J18: 4 | K18: Sprint 2 | L18: Web | M18: Chưa làm | N18: Chưa làm | O18: N/A | P18: Chưa làm | Q18: =IFERROR(ROUND((IF(M18="Hoàn thành",1,IF(M18="Done chờ Test",1,IF(M18="Đang làm",0.5,0)))+IF(N18="Hoàn thành",1,IF(N18="Done chờ Test",1,IF(N18="Đang làm",0.5,0)))+IF(O18="Hoàn thành",1,IF(O18="Done chờ Test",1,IF(O18="Đang làm",0.5,0)))+IF(P18="Hoàn thành",1,IF(P18="Done chờ Test",1,IF(P18="Đang làm",0.5,0))))/(4-COUNTIF(M18:P18,"N/A")),4),0) | R18: MaCode duy nhất; GiaTri > 0 và ≤ 100 nếu phần trăm; NgayKetThuc > NgayBatDau; giới hạn mỗi khách và tổng số lượng; ngừng thay vì xóa
A19: 15 | B19: UC-SPA-15 | C19: Đặt lịch & lịch hẹn | D19: BKG | E19: Đặt lịch hẹn | F19: Luồng 1: khách chọn dịch vụ, chọn lịch rồi thanh toán để xác nhận. Luồng 2: đặt lịch từ dịch vụ và gói của tôi | G19: CUS | H19: DA: có đặc tả | I19: P0 | J19: 9 | K19: Sprint 1 | L19: Web, Android | M19: Chưa làm | N19: Chưa làm | O19: Chưa làm | P19: Chưa làm | Q19: =IFERROR(ROUND((IF(M19="Hoàn thành",1,IF(M19="Done chờ Test",1,IF(M19="Đang làm",0.5,0)))+IF(N19="Hoàn thành",1,IF(N19="Done chờ Test",1,IF(N19="Đang làm",0.5,0)))+IF(O19="Hoàn thành",1,IF(O19="Done chờ Test",1,IF(O19="Đang làm",0.5,0)))+IF(P19="Hoàn thành",1,IF(P19="Done chờ Test",1,IF(P19="Đang làm",0.5,0))))/(4-COUNTIF(M19:P19,"N/A")),4),0) | R19: Chỉ hiển thị nhân viên làm được dịch vụ và giờ còn trống trong ca; kiểm tra lại trước khi tạo; luồng 1 giữ chỗ có thời hạn và chỉ xác nhận khi thanh toán thành công trong hạn; luồng 2 kiểm tra hạn dùng, lượt còn lại và khoảng cách tối thiểu giữa các buổi; hai yêu cầu đồng thời không chiếm cùng khung giờ | S19: Lõi của mục tiêu MT-3 — xem 09_Thuat_toan_lich
A20: 16 | B20: UC-SPA-16 | C20: Đặt lịch & lịch hẹn | D20: BKG | E20: Xem và quản lý lịch hẹn | F20: Khách xem hoặc đổi hoặc hủy lịch của mình | G20: CUS | H20: DA: có đặc tả | I20: P1 | J20: 5 | K20: Sprint 2 | L20: Web, Android | M20: Chưa làm | N20: Chưa làm | O20: Chưa làm | P20: Chưa làm | Q20: =IFERROR(ROUND((IF(M20="Hoàn thành",1,IF(M20="Done chờ Test",1,IF(M20="Đang làm",0.5,0)))+IF(N20="Hoàn thành",1,IF(N20="Done chờ Test",1,IF(N20="Đang làm",0.5,0)))+IF(O20="Hoàn thành",1,IF(O20="Done chờ Test",1,IF(O20="Đang làm",0.5,0)))+IF(P20="Hoàn thành",1,IF(P20="Done chờ Test",1,IF(P20="Đang làm",0.5,0))))/(4-COUNTIF(M20:P20,"N/A")),4),0) | R20: Đổi lịch đi qua cùng kiểm tra trùng lịch; hủy cần lý do; giới hạn thời gian đổi/hủy theo chính sách spa (cần xác nhận); hủy hợp lệ trả lại quyền sử dụng/buổi | S20: DA: 'kiểm tra và hủy khi được phép' — chưa định nghĩa điều kiện
A21: 17 | B21: UC-SPA-17 | C21: Đặt lịch & lịch hẹn | D21: BKG | E21: Quản lý lịch hẹn | F21: Chủ spa điều chỉnh lịch hẹn (xem, xác nhận, phân công nhân viên) và ghi nhận khách không đến | G21: OWN | H21: DA: có đặc tả | I21: P0 | J21: 7 | K21: Sprint 1 | L21: Web; Android (rút gọn) | M21: Chưa làm | N21: Chưa làm | O21: Chưa làm | P21: Chưa làm | Q21: =IFERROR(ROUND((IF(M21="Hoàn thành",1,IF(M21="Done chờ Test",1,IF(M21="Đang làm",0.5,0)))+IF(N21="Hoàn thành",1,IF(N21="Done chờ Test",1,IF(N21="Đang làm",0.5,0)))+IF(O21="Hoàn thành",1,IF(O21="Done chờ Test",1,IF(O21="Đang làm",0.5,0)))+IF(P21="Hoàn thành",1,IF(P21="Done chờ Test",1,IF(P21="Đang làm",0.5,0))))/(4-COUNTIF(M21:P21,"N/A")),4),0) | R21: Đổi giờ/đổi nhân viên kiểm tra trùng lịch và kỹ năng; hủy cần lý do; ghi nhận khách không đến chỉ sau giờ hẹn
A22: 18 | B22: UC-SPA-18 | C22: Quyền sử dụng & liệu trình | D22: TRT | E22: Xem dịch vụ và gói đã mua | F22: Khách xem sản phẩm đã mua và chọn chức năng liên quan | G22: CUS | H22: DA: có đặc tả | I22: P0 | J22: 3 | K22: Sprint 2 | L22: Web, Android | M22: Chưa làm | N22: Chưa làm | O22: Chưa làm | P22: Chưa làm | Q22: =IFERROR(ROUND((IF(M22="Hoàn thành",1,IF(M22="Done chờ Test",1,IF(M22="Đang làm",0.5,0)))+IF(N22="Hoàn thành",1,IF(N22="Done chờ Test",1,IF(N22="Đang làm",0.5,0)))+IF(O22="Hoàn thành",1,IF(O22="Done chờ Test",1,IF(O22="Đang làm",0.5,0)))+IF(P22="Hoàn thành",1,IF(P22="Done chờ Test",1,IF(P22="Đang làm",0.5,0))))/(4-COUNTIF(M22:P22,"N/A")),4),0) | R22: Hiển thị DichVuKhachHang và GoiKhachHang với hạn sử dụng, trạng thái, số buổi đã dùng/tổng; A1 đặt lịch bằng quyền đã mua; A2 xem liệu trình; A3 xem đơn nguồn
A23: 19 | B23: UC-SPA-19 | C23: Quyền sử dụng & liệu trình | D23: TRT | E23: Theo dõi liệu trình chăm sóc da | F23: Khách xem tiến độ và trạng thái các buổi chăm sóc | G23: CUS | H23: DA: có đặc tả | I23: P0 | J23: 4 | K23: Sprint 2 | L23: Web, Android | M23: Chưa làm | N23: Chưa làm | O23: Chưa làm | P23: Chưa làm | Q23: =IFERROR(ROUND((IF(M23="Hoàn thành",1,IF(M23="Done chờ Test",1,IF(M23="Đang làm",0.5,0)))+IF(N23="Hoàn thành",1,IF(N23="Done chờ Test",1,IF(N23="Đang làm",0.5,0)))+IF(O23="Hoàn thành",1,IF(O23="Done chờ Test",1,IF(O23="Đang làm",0.5,0)))+IF(P23="Hoàn thành",1,IF(P23="Done chờ Test",1,IF(P23="Đang làm",0.5,0))))/(4-COUNTIF(M23:P23,"N/A")),4),0) | R23: Hiển thị mục tiêu, tiến độ SoBuoiDaDung/TongSoBuoi, trạng thái từng BuoiChamSoc theo ThuTu; buổi đủ điều kiện mới cho đặt lịch
A24: 20 | B24: UC-SPA-20 | C24: Quyền sử dụng & liệu trình | D24: TRT | E24: Xem lịch sử sử dụng dịch vụ | F24: Khách xem các lần sử dụng dịch vụ trước đó | G24: CUS | H24: DA: có đặc tả | I24: P1 | J24: 2 | K24: Sprint 2 | L24: Web, Android | M24: Chưa làm | N24: Chưa làm | O24: Chưa làm | P24: Chưa làm | Q24: =IFERROR(ROUND((IF(M24="Hoàn thành",1,IF(M24="Done chờ Test",1,IF(M24="Đang làm",0.5,0)))+IF(N24="Hoàn thành",1,IF(N24="Done chờ Test",1,IF(N24="Đang làm",0.5,0)))+IF(O24="Hoàn thành",1,IF(O24="Done chờ Test",1,IF(O24="Đang làm",0.5,0)))+IF(P24="Hoàn thành",1,IF(P24="Done chờ Test",1,IF(P24="Đang làm",0.5,0))))/(4-COUNTIF(M24:P24,"N/A")),4),0) | R24: Danh sách lịch hẹn HoanThanh của khách; lọc theo thời gian/dịch vụ; chi tiết gồm nhân viên, ghi chú/kết quả buổi
A25: 21 | B25: UC-SPA-21 | C25: Quyền sử dụng & liệu trình | D25: TRT | E25: Quản lý liệu trình và lịch sử chăm sóc của khách hàng | F25: Chủ spa/nhân viên xem và cập nhật liệu trình (mục tiêu, nhân viên phụ trách, ngày dự kiến, ghi chú) và lịch sử chăm sóc từng khách | G25: OWN; STF | H25: DA: chỉ liệt kê, chưa đặc tả | I25: P0 | J25: 5 | K25: Sprint 2 | L25: Web; Android (nhân viên) | M25: Chưa làm | N25: Chưa làm | O25: Chưa làm | P25: Chưa làm | Q25: =IFERROR(ROUND((IF(M25="Hoàn thành",1,IF(M25="Done chờ Test",1,IF(M25="Đang làm",0.5,0)))+IF(N25="Hoàn thành",1,IF(N25="Done chờ Test",1,IF(N25="Đang làm",0.5,0)))+IF(O25="Hoàn thành",1,IF(O25="Done chờ Test",1,IF(O25="Đang làm",0.5,0)))+IF(P25="Hoàn thành",1,IF(P25="Done chờ Test",1,IF(P25="Đang làm",0.5,0))))/(4-COUNTIF(M25:P25,"N/A")),4),0) | R25: Lọc theo khách, trạng thái; nhân viên chỉ sửa liệu trình mình phụ trách; không sửa buổi đã hoàn thành | S25: Có ở cả Nhân viên và Chủ spa nhưng chưa có bảng đặc tả
A26: 22 | B26: UC-SPA-22 | C26: Nhân viên & lịch làm việc | D26: STF | E26: Quản lý nhân viên | F26: Chủ spa thêm hoặc sửa nhân viên và ghi nhận nghỉ việc | G26: OWN | H26: DA: có đặc tả | I26: P0 | J26: 4 | K26: Sprint 1 | L26: Web | M26: Chưa làm | N26: Chưa làm | O26: N/A | P26: Chưa làm | Q26: =IFERROR(ROUND((IF(M26="Hoàn thành",1,IF(M26="Done chờ Test",1,IF(M26="Đang làm",0.5,0)))+IF(N26="Hoàn thành",1,IF(N26="Done chờ Test",1,IF(N26="Đang làm",0.5,0)))+IF(O26="Hoàn thành",1,IF(O26="Done chờ Test",1,IF(O26="Đang làm",0.5,0)))+IF(P26="Hoàn thành",1,IF(P26="Done chờ Test",1,IF(P26="Đang làm",0.5,0))))/(4-COUNTIF(M26:P26,"N/A")),4),0) | R26: Tạo NguoiDung (VaiTro NhanVien) + NhanVien; chọn dịch vụ được thực hiện (NhanVien_DichVu); NgayNghiViec ≥ NgayVaoLam; nghỉ việc → không nhận lịch mới, lịch tương lai phải phân công lại
A27: 23 | B27: UC-SPA-23 | C27: Nhân viên & lịch làm việc | D27: STF | E27: Phân công lịch làm việc cho nhân viên | F27: Chủ spa thêm hoặc điều chỉnh ca làm | G27: OWN | H27: DA: có đặc tả | I27: P0 | J27: 6 | K27: Sprint 1 | L27: Web | M27: Chưa làm | N27: Chưa làm | O27: N/A | P27: Chưa làm | Q27: =IFERROR(ROUND((IF(M27="Hoàn thành",1,IF(M27="Done chờ Test",1,IF(M27="Đang làm",0.5,0)))+IF(N27="Hoàn thành",1,IF(N27="Done chờ Test",1,IF(N27="Đang làm",0.5,0)))+IF(O27="Hoàn thành",1,IF(O27="Done chờ Test",1,IF(O27="Đang làm",0.5,0)))+IF(P27="Hoàn thành",1,IF(P27="Done chờ Test",1,IF(P27="Đang làm",0.5,0))))/(4-COUNTIF(M27:P27,"N/A")),4),0) | R27: GioKetThuc > GioBatDau; không chồng ca cùng nhân viên; không sửa/xóa ca làm lịch hẹn đã đặt rơi ra ngoài ca (E1 xung đột)
A28: 24 | B28: UC-SPA-24 | C28: Nhân viên & lịch làm việc | D28: STF | E28: Xem lịch làm việc cá nhân | F28: Nhân viên xem các ca được phân công | G28: STF | H28: DA: có đặc tả | I28: P1 | J28: 2 | K28: Sprint 2 | L28: Web, Android | M28: Chưa làm | N28: Chưa làm | O28: Chưa làm | P28: Chưa làm | Q28: =IFERROR(ROUND((IF(M28="Hoàn thành",1,IF(M28="Done chờ Test",1,IF(M28="Đang làm",0.5,0)))+IF(N28="Hoàn thành",1,IF(N28="Done chờ Test",1,IF(N28="Đang làm",0.5,0)))+IF(O28="Hoàn thành",1,IF(O28="Done chờ Test",1,IF(O28="Đang làm",0.5,0)))+IF(P28="Hoàn thành",1,IF(P28="Done chờ Test",1,IF(P28="Đang làm",0.5,0))))/(4-COUNTIF(M28:P28,"N/A")),4),0) | R28: Chỉ ca của chính nhân viên; xem theo tuần/tháng
A29: 25 | B29: UC-SPA-25 | C29: Nhân viên & lịch làm việc | D29: STF | E29: Xem danh sách lịch hẹn được phân công | F29: Nhân viên xem lịch và thông tin dịch vụ được giao | G29: STF | H29: DA: có đặc tả | I29: P0 | J29: 3 | K29: Sprint 2 | L29: Web, Android | M29: Chưa làm | N29: Chưa làm | O29: Chưa làm | P29: Chưa làm | Q29: =IFERROR(ROUND((IF(M29="Hoàn thành",1,IF(M29="Done chờ Test",1,IF(M29="Đang làm",0.5,0)))+IF(N29="Hoàn thành",1,IF(N29="Done chờ Test",1,IF(N29="Đang làm",0.5,0)))+IF(O29="Hoàn thành",1,IF(O29="Done chờ Test",1,IF(O29="Đang làm",0.5,0)))+IF(P29="Hoàn thành",1,IF(P29="Done chờ Test",1,IF(P29="Đang làm",0.5,0))))/(4-COUNTIF(M29:P29,"N/A")),4),0) | R29: Lọc theo ngày/trạng thái; chi tiết có thông tin khách, dịch vụ, dị ứng; A1 chuyển lập hồ sơ da, A2 xác nhận hoàn thành
A30: 26 | B30: UC-SPA-26 | C30: Chăm sóc & hồ sơ da | D30: CARE | E30: Xem lịch sử các khách hàng đã chăm sóc | F30: Nhân viên xem các lần chăm sóc mình đã thực hiện | G30: STF | H30: DA: có đặc tả | I30: P1 | J30: 2 | K30: Sprint 2 | L30: Web, Android | M30: Chưa làm | N30: Chưa làm | O30: Chưa làm | P30: Chưa làm | Q30: =IFERROR(ROUND((IF(M30="Hoàn thành",1,IF(M30="Done chờ Test",1,IF(M30="Đang làm",0.5,0)))+IF(N30="Hoàn thành",1,IF(N30="Done chờ Test",1,IF(N30="Đang làm",0.5,0)))+IF(O30="Hoàn thành",1,IF(O30="Done chờ Test",1,IF(O30="Đang làm",0.5,0)))+IF(P30="Hoàn thành",1,IF(P30="Done chờ Test",1,IF(P30="Đang làm",0.5,0))))/(4-COUNTIF(M30:P30,"N/A")),4),0) | R30: Chỉ lịch hẹn do chính nhân viên thực hiện; tìm theo tên/SĐT khách, khoảng ngày | S30: Tên trong bảng đặc tả DA đang ghi nhầm 'Xem danh sách lịch hẹn được phân công'
A31: 27 | B31: UC-SPA-27 | C31: Chăm sóc & hồ sơ da | D31: CARE | E31: Lập và cập nhật hồ sơ da khách hàng | F31: Nhân viên tạo hoặc sửa hồ sơ của một lần chăm sóc | G31: STF | H31: DA: có đặc tả | I31: P0 | J31: 4 | K31: Sprint 2 | L31: Web, Android | M31: Chưa làm | N31: Chưa làm | O31: Chưa làm | P31: Chưa làm | Q31: =IFERROR(ROUND((IF(M31="Hoàn thành",1,IF(M31="Done chờ Test",1,IF(M31="Đang làm",0.5,0)))+IF(N31="Hoàn thành",1,IF(N31="Done chờ Test",1,IF(N31="Đang làm",0.5,0)))+IF(O31="Hoàn thành",1,IF(O31="Done chờ Test",1,IF(O31="Đang làm",0.5,0)))+IF(P31="Hoàn thành",1,IF(P31="Done chờ Test",1,IF(P31="Đang làm",0.5,0))))/(4-COUNTIF(M31:P31,"N/A")),4),0) | R31: Mỗi lịch hẹn tối đa 1 HoSoDa (IdLichHen unique); LoaiDa bắt buộc; hiển thị và cập nhật DiUngKhachHang; chỉ nhân viên của lịch hẹn
A32: 28 | B32: UC-SPA-28 | C32: Chăm sóc & hồ sơ da | D32: CARE | E32: Xác nhận hoàn thành buổi chăm sóc | F32: Nhân viên ghi nhận lịch đã hoàn thành và cập nhật lượt sử dụng | G32: STF | H32: DA: có đặc tả | I32: P0 | J32: 6 | K32: Sprint 2 | L32: Web, Android | M32: Chưa làm | N32: Chưa làm | O32: Chưa làm | P32: Chưa làm | Q32: =IFERROR(ROUND((IF(M32="Hoàn thành",1,IF(M32="Done chờ Test",1,IF(M32="Đang làm",0.5,0)))+IF(N32="Hoàn thành",1,IF(N32="Done chờ Test",1,IF(N32="Đang làm",0.5,0)))+IF(O32="Hoàn thành",1,IF(O32="Done chờ Test",1,IF(O32="Đang làm",0.5,0)))+IF(P32="Hoàn thành",1,IF(P32="Done chờ Test",1,IF(P32="Đang làm",0.5,0))))/(4-COUNTIF(M32:P32,"N/A")),4),0) | R32: Chỉ nhân viên được phân công, lịch DaXacNhan, không trước giờ bắt đầu; dịch vụ lẻ → DichVuKhachHang DaSuDung; buổi trong gói → BuoiChamSoc HoanThanh, SoBuoiDaDung + 1, đủ buổi thì gói và liệu trình HoanThanh; thực hiện trong 1 giao dịch
A33: 29 | B33: UC-SPA-29 | C33: Đánh giá | D33: REV | E33: Xem đánh giá dịch vụ | F33: Người dùng xem đánh giá về dịch vụ hoặc gói | G33: GUEST; CUS | H33: DA: có đặc tả | I33: P1 | J33: 2 | K33: Sprint 1 | L33: Web, Android | M33: Chưa làm | N33: Chưa làm | O33: Chưa làm | P33: Chưa làm | Q33: =IFERROR(ROUND((IF(M33="Hoàn thành",1,IF(M33="Done chờ Test",1,IF(M33="Đang làm",0.5,0)))+IF(N33="Hoàn thành",1,IF(N33="Done chờ Test",1,IF(N33="Đang làm",0.5,0)))+IF(O33="Hoàn thành",1,IF(O33="Done chờ Test",1,IF(O33="Đang làm",0.5,0)))+IF(P33="Hoàn thành",1,IF(P33="Done chờ Test",1,IF(P33="Đang làm",0.5,0))))/(4-COUNTIF(M33:P33,"N/A")),4),0) | R33: Chỉ đánh giá TrangThai = HienThi; điểm trung bình + số lượng; lọc theo số sao; hiển thị phản hồi của spa
A34: 30 | B34: UC-SPA-30 | C34: Đánh giá | D34: REV | E34: Đánh giá dịch vụ | F34: Khách đánh giá dịch vụ hoặc gói đã đủ điều kiện | G34: CUS | H34: DA: có đặc tả | I34: P1 | J34: 4 | K34: Sprint 2 | L34: Web, Android | M34: Chưa làm | N34: Chưa làm | O34: Chưa làm | P34: Chưa làm | Q34: =IFERROR(ROUND((IF(M34="Hoàn thành",1,IF(M34="Done chờ Test",1,IF(M34="Đang làm",0.5,0)))+IF(N34="Hoàn thành",1,IF(N34="Done chờ Test",1,IF(N34="Đang làm",0.5,0)))+IF(O34="Hoàn thành",1,IF(O34="Done chờ Test",1,IF(O34="Đang làm",0.5,0)))+IF(P34="Hoàn thành",1,IF(P34="Done chờ Test",1,IF(P34="Đang làm",0.5,0))))/(4-COUNTIF(M34:P34,"N/A")),4),0) | R34: Đủ điều kiện: đã sử dụng dịch vụ hoặc hoàn thành đủ số buổi theo quy định (cần chốt số buổi); SoSao 1–5; ảnh tùy chọn; mỗi khách 1 đánh giá/dịch vụ hoặc gói (đề xuất) | S34: 'Đủ số buổi theo quy định' chưa được định nghĩa
A35: 31 | B35: UC-SPA-31 | C35: Đánh giá | D35: REV | E35: Quản lý đánh giá dịch vụ | F35: Chủ spa phản hồi hoặc ẩn đánh giá | G35: OWN | H35: DA: có đặc tả | I35: P2 | J35: 2 | K35: Sprint 3 | L35: Web | M35: Chưa làm | N35: Chưa làm | O35: N/A | P35: Chưa làm | Q35: =IFERROR(ROUND((IF(M35="Hoàn thành",1,IF(M35="Done chờ Test",1,IF(M35="Đang làm",0.5,0)))+IF(N35="Hoàn thành",1,IF(N35="Done chờ Test",1,IF(N35="Đang làm",0.5,0)))+IF(O35="Hoàn thành",1,IF(O35="Done chờ Test",1,IF(O35="Đang làm",0.5,0)))+IF(P35="Hoàn thành",1,IF(P35="Done chờ Test",1,IF(P35="Đang làm",0.5,0))))/(4-COUNTIF(M35:P35,"N/A")),4),0) | R35: Phản hồi lưu PhanHoiTuSpa + PhanHoiLuc; ẩn đổi TrangThai, không xóa
A36: 32 | B36: UC-SPA-32 | C36: Trợ lý AI | D36: AI | E36: Trò chuyện với trợ lý AI tư vấn dịch vụ | F36: Khách hàng trao đổi với AI để được tư vấn về dịch vụ | G36: GUEST; CUS; LLM | H36: DA: có đặc tả | I36: P1 | J36: 8 | K36: Sprint 3 | L36: Web, Android | M36: Chưa làm | N36: Chưa làm | O36: Chưa làm | P36: Chưa làm | Q36: =IFERROR(ROUND((IF(M36="Hoàn thành",1,IF(M36="Done chờ Test",1,IF(M36="Đang làm",0.5,0)))+IF(N36="Hoàn thành",1,IF(N36="Done chờ Test",1,IF(N36="Đang làm",0.5,0)))+IF(O36="Hoàn thành",1,IF(O36="Done chờ Test",1,IF(O36="Đang làm",0.5,0)))+IF(P36="Hoàn thành",1,IF(P36="Done chờ Test",1,IF(P36="Đang làm",0.5,0))))/(4-COUNTIF(M36:P36,"N/A")),4),0) | R36: Kiểm tra nội dung trước khi gửi; AI chỉ dựa trên dịch vụ/gói đang bán và dữ liệu của chính khách (lịch hẹn, số buổi còn lại); không chẩn đoán y khoa; lưu câu hỏi + câu trả lời; E2 lỗi phản hồi cho gửi lại | S36: DA: actor gồm Khách vãng lai nhưng LichSuTroChuyenAI.IdKhachHang not null — cần chốt
A37: 33 | B37: UC-SPA-33 | C37: Thống kê & báo cáo | D37: RPT | E37: Xem thống kê báo cáo doanh thu | F37: Chủ spa xem số liệu theo khoảng thời gian và tiêu chí | G37: OWN | H37: DA: có đặc tả | I37: P0 | J37: 5 | K37: Sprint 3 | L37: Web; Android (xem) | M37: Chưa làm | N37: Chưa làm | O37: Chưa làm | P37: Chưa làm | Q37: =IFERROR(ROUND((IF(M37="Hoàn thành",1,IF(M37="Done chờ Test",1,IF(M37="Đang làm",0.5,0)))+IF(N37="Hoàn thành",1,IF(N37="Done chờ Test",1,IF(N37="Đang làm",0.5,0)))+IF(O37="Hoàn thành",1,IF(O37="Done chờ Test",1,IF(O37="Đang làm",0.5,0)))+IF(P37="Hoàn thành",1,IF(P37="Done chờ Test",1,IF(P37="Đang làm",0.5,0))))/(4-COUNTIF(M37:P37,"N/A")),4),0) | R37: Theo tháng, quý, năm (MT-5); doanh thu từ ThanhToan thành công; tiêu chí: dịch vụ lẻ/gói, sản phẩm; biểu đồ + bảng số liệu
A38: 34 | B38: UC-SPA-34 | C38: Thông báo | D38: NTF | E38: Xem thông báo | F38: Người dùng xem thông báo được gửi đến mình | G38: CUS; STF | H38: DA: có đặc tả | I38: P2 | J38: 2 | K38: Sprint 3 | L38: Web, Android | M38: Chưa làm | N38: Chưa làm | O38: Chưa làm | P38: Chưa làm | Q38: =IFERROR(ROUND((IF(M38="Hoàn thành",1,IF(M38="Done chờ Test",1,IF(M38="Đang làm",0.5,0)))+IF(N38="Hoàn thành",1,IF(N38="Done chờ Test",1,IF(N38="Đang làm",0.5,0)))+IF(O38="Hoàn thành",1,IF(O38="Done chờ Test",1,IF(O38="Đang làm",0.5,0)))+IF(P38="Hoàn thành",1,IF(P38="Done chờ Test",1,IF(P38="Đang làm",0.5,0))))/(4-COUNTIF(M38:P38,"N/A")),4),0) | R38: Chỉ thông báo của chính người dùng; mở thông báo thì ghi DocLuc; hiển thị số chưa đọc

Sheet 05_Dac_ta_UC
A1: 05 · ĐẶC TẢ USE CASE
A2: 34 đặc tả · cùng thứ tự và mã với 04_Checklist_UC
A3: Cột Input → Exception flow trích nguyên ý từ bảng kịch bản trong DA (đã sửa tên UC bị ghi nhầm). Cột 'Rà soát / bổ sung' là nhận xét và đề xuất, không có trong DA.
A4: STT | B4: Mã UC | C4: Tên Use Case | D4: Description | E4: Actors | F4: Đặc tả | G4: Input | H4: Output | I4: Basic flow | J4: Alternative flow | K4: Exception flow | L4: Rà soát / bổ sung (ĐX) | M4: Business rules
A5: 1 | B5: ='04_Checklist_UC'!B5 | C5: ='04_Checklist_UC'!E5 | D5: ='04_Checklist_UC'!F5 | E5: ='04_Checklist_UC'!G5 | F5: Có trong DA | G5: Họ tên; Email; Số điện thoại; Mật khẩu; Xác nhận mật khẩu; OTP | H5: Đăng ký thành công hoặc thông báo lỗi | I5: 1. Khách mở trang đăng ký 2. Hệ thống hiển thị biểu mẫu 3. Khách nhập thông tin và nhấn đăng ký 4. Hệ thống kiểm tra dữ liệu 5. Hệ thống gửi OTP xác nhận email 6. Khách nhập OTP và xác nhận 7. Hệ thống kiểm tra OTP 8. Nếu hợp lệ → Hoàn tất tạo tài khoản và chuyển đến đăng nhập | J5: — | K5: E1. Thông tin đăng ký không hợp lệ → Hiển thị lỗi và không hoàn tất đăng ký E2. OTP không hợp lệ → Thông báo lỗi và chuyển về trang đăng ký | L5: ĐX: thêm A1 'Gửi lại OTP' (giới hạn 60 giây/lần); E3 OTP hết hạn; E4 email/SĐT đã tồn tại | M5: BR-AUTH-01, 02
A6: 2 | B6: ='04_Checklist_UC'!B6 | C6: ='04_Checklist_UC'!E6 | D6: ='04_Checklist_UC'!F6 | E6: ='04_Checklist_UC'!G6 | F6: Có trong DA | G6: Thông tin đăng nhập và mật khẩu | H6: Đăng nhập thành công hoặc thông báo lỗi | I6: 1. Người dùng mở trang đăng nhập 2. Hệ thống hiển thị biểu mẫu 3. Người dùng nhập thông tin và mật khẩu 4. Hệ thống kiểm tra thông tin 5. Hệ thống kiểm tra trạng thái tài khoản 6. Nếu được hoạt động → Đăng nhập và chuyển đến trang phù hợp với vai trò | J6: A1. Người dùng đăng nhập từ thao tác đang dở → Quay lại thao tác trước đăng nhập | K6: E1. Thông tin không chính xác → Thông báo lỗi và quay lại nhập E2. Tài khoản bị khóa hoặc ngừng hoạt động → Thông báo và kết thúc | L6: ĐX: không tiết lộ email có tồn tại hay không; khóa tạm sau nhiều lần sai | M6: BR-AUTH-03
A7: 3 | B7: ='04_Checklist_UC'!B7 | C7: ='04_Checklist_UC'!E7 | D7: ='04_Checklist_UC'!F7 | E7: ='04_Checklist_UC'!G7 | F7: Có trong DA | G7: Email; OTP; Mật khẩu mới; Xác nhận mật khẩu | H7: Mật khẩu được cập nhật hoặc thông báo lỗi | I7: 1. Người dùng chọn quên mật khẩu 2. Hệ thống hiển thị biểu mẫu email 3. Người dùng nhập email và gửi yêu cầu 4. Hệ thống kiểm tra email rồi gửi OTP 5. Người dùng nhập OTP và xác nhận 6. Hệ thống kiểm tra OTP và hiển thị biểu mẫu mật khẩu mới 7. Người dùng nhập và xác nhận mật khẩu mới 8. Hệ thống cập nhật tài khoản và thông báo thành công | J7: — | K7: E1. Email không hợp lệ hoặc không tồn tại → Thông báo và kết thúc E2. OTP không hợp lệ → Thông báo và kết thúc | L7: Rà soát: ô ngoại lệ trong DA có chữ thừa 'flow' và ghi chú nháp 'Sơ đồ chưa thể hiện nhánh mật khẩu mới không hợp lệ' → bổ sung E3: mật khẩu mới không hợp lệ/không khớp → báo lỗi, nhập lại | M7: BR-AUTH-01, 02
A8: 4 | B8: ='04_Checklist_UC'!B8 | C8: ='04_Checklist_UC'!E8 | D8: ='04_Checklist_UC'!F8 | E8: ='04_Checklist_UC'!G8 | F8: Có trong DA | G8: Thông tin tài khoản cần cập nhật | H8: Thông tin được lưu hoặc thông báo lỗi | I8: 1. Người dùng mở thông tin tài khoản 2. Hệ thống hiển thị thông tin hiện tại 3. Người dùng chỉnh sửa và chọn lưu 4. Hệ thống kiểm tra dữ liệu 5. Hệ thống cập nhật và thông báo thành công | J8: — | K8: E1. Dữ liệu không hợp lệ → Hiển thị lỗi và quay lại bước chỉnh sửa | L8: Rà soát: hàng 'Usecase name' trong DA ghi nhầm 'Quản lý đơn hàng đã mua'. ĐX: thêm A1 đổi mật khẩu, A2 đổi ảnh đại diện | M8: BR-AUTH-04
A9: 5 | B9: ='04_Checklist_UC'!B9 | C9: ='04_Checklist_UC'!E9 | D9: ='04_Checklist_UC'!F9 | E9: ='04_Checklist_UC'!G9 | F9: Có trong DA | G9: Tài khoản được chọn; Thông tin thay đổi; Thao tác | H9: Chi tiết tài khoản hoặc kết quả cập nhật | I9: 1. Chủ spa mở danh sách tài khoản 2. Hệ thống hiển thị danh sách 3. Chủ spa tìm và chọn tài khoản 4. Chủ spa chọn xem thông tin 5. Hệ thống hiển thị chi tiết | J9: A1. Chủ spa chọn sửa → Hệ thống mở biểu mẫu → Chủ spa nhập và lưu → Hệ thống kiểm tra rồi cập nhật A2. Chủ spa chọn khóa hoặc mở khóa và xác nhận → Hệ thống cập nhật trạng thái và thông báo | K9: E1. Dữ liệu chỉnh sửa không hợp lệ → Thông báo lỗi cụ thể và kết thúc thao tác | L9: ĐX: khóa tài khoản → thu hồi refresh token; không cho chủ spa tự khóa mình | M9: BR-AUTH-05
A10: 6 | B10: ='04_Checklist_UC'!B10 | C10: ='04_Checklist_UC'!E10 | D10: ='04_Checklist_UC'!F10 | E10: ='04_Checklist_UC'!G10 | F10: Có trong DA | G10: Từ khóa (tùy chọn), Danh mục (tùy chọn) | H10: Danh sách dịch vụ/gói dịch vụ phù hợp được hiển thị theo phân trang | I10: 1. Actor mở trang dịch vụ 2. Hệ thống tải danh sách DichVu và GoiDichVu, chỉ hiển thị các mục đang ở trạng thái 'DangBan' 3. Nếu actor là khách hàng đã đăng nhập, hệ thống kiểm tra các liệu trình đang có của khách hàng để đánh dấu những dịch vụ/gói đã từng sử dụng 4. Actor nhập từ khóa và chọn danh mục dịch vụ để lọc 5. Actor nhấn nút 'Tìm kiếm' hoặc hệ thống tự động lọc 6. Hệ thống lọc DichVu/GoiDichVu theo từ khóa và danh mục đã chọn 7. Nếu actor bật 'Chỉ hiện dịch vụ đã từng sử dụng', hệ thống lọc thêm theo lịch sử sử dụng của khách hàng 8. Hệ thống hiển thị danh sách dịch vụ và gói dịch vụ theo phân trang 9. Actor chọn một dịch vụ hoặc gói dịch vụ để mở chi tiết 10. Use case kết thúc | J10: A1. Actor chọn gợi ý tìm kiếm → Hệ thống mở dịch vụ hoặc gói dịch vụ theo gợi ý A2. Actor chọn xóa bộ lọc → Hệ thống đặt lại từ khóa, danh mục dịch vụ và khoảng giá A3. Actor hỏi trợ lý AI → Hệ thống gửi câu hỏi tới trợ lý AI và hiển thị câu trả lời gợi ý dịch vụ phù hợp với nhu cầu | K10: E1. Không có dịch vụ phù hợp → Hệ thống hiển thị trạng thái không có kết quả và gợi ý đổi từ khóa hoặc danh mục E2. Actor chọn lưu dịch vụ nhưng chưa đăng nhập → Hệ thống chuyển hướng sang trang đăng nhập | L10: Rà soát: Input thiếu 'khoảng giá' (A2 có nhắc); E2 'lưu dịch vụ' không có UC/bảng tương ứng (có thể là Thêm vào giỏ) — cần thống nhất. 'Danh mục' = DichVu.LoaiDichVu; GoiDichVu không có danh mục | M10: BR-CAT-01
A11: 7 | B11: ='04_Checklist_UC'!B11 | C11: ='04_Checklist_UC'!E11 | D11: ='04_Checklist_UC'!F11 | E11: ='04_Checklist_UC'!G11 | F11: ĐX (DA chưa có bảng) | G11: Dịch vụ hoặc gói được chọn | H11: Thông tin chi tiết | I11: 1. Actor chọn một dịch vụ hoặc gói 2. Hệ thống tải thông tin (chỉ mục DangBan) 3. Hệ thống hiển thị mô tả, giá, thời lượng, hình ảnh; với gói: các dịch vụ thành phần, số buổi, thứ tự, thời hạn 4. Hệ thống hiển thị điểm đánh giá trung bình (liên kết UC-SPA-29) 5. Actor chọn Thêm vào giỏ, Đặt ngay hoặc quay lại | J11: A1. Chưa đăng nhập mà chọn Thêm vào giỏ/Đặt ngay → chuyển đăng nhập rồi quay lại (UC-SPA-02 A1) | K11: E1. Sản phẩm không tồn tại hoặc ngừng bán → thông báo và quay về danh sách | L11: Toàn bộ đặc tả là ĐỀ XUẤT vì DA chưa có bảng kịch bản | M11: BR-CAT-01
A12: 8 | B12: ='04_Checklist_UC'!B12 | C12: ='04_Checklist_UC'!E12 | D12: ='04_Checklist_UC'!F12 | E12: ='04_Checklist_UC'!G12 | F12: Có trong DA | G12: Yêu cầu mở trang giới thiệu | H12: Thông tin giới thiệu về spa | I12: 1. Người dùng mở trang giới thiệu 2. Hệ thống tải và hiển thị thông tin spa 3. Người dùng xem nội dung 4. Người dùng quay lại hoặc rời trang | J12: (DA đang chép A1–A3 của UC Tìm kiếm — đề nghị xóa) | K12: (DA đang chép E1–E2 của UC Tìm kiếm — đề nghị xóa) | L12: Rà soát: luồng rẽ nhánh/ngoại lệ không thuộc UC này. ERD không có bảng lưu thông tin spa → dùng cấu hình (appsettings) hoặc bổ sung bảng ThongTinSpa | M12: —
A13: 9 | B13: ='04_Checklist_UC'!B13 | C13: ='04_Checklist_UC'!E13 | D13: ='04_Checklist_UC'!F13 | E13: ='04_Checklist_UC'!G13 | F13: Có trong DA | G13: Loại sản phẩm; Thông tin dịch vụ hoặc gói; Các dịch vụ thành phần và số buổi | H13: Sản phẩm được lưu hoặc cập nhật trạng thái | I13: 1. Chủ spa mở danh sách dịch vụ và gói 2. Hệ thống hiển thị danh sách 3. Chủ spa chọn thêm mới 4. Hệ thống hiển thị biểu mẫu 5. Chủ spa chọn loại sản phẩm và nhập thông tin 6. Với gói → Nhập thông tin gói và các dịch vụ thành phần cùng số buổi 7. Hệ thống kiểm tra rồi lưu và thông báo | J13: A1. Chủ spa chọn sửa → Hệ thống mở biểu mẫu chỉnh sửa → Chủ spa nhập và lưu → Hệ thống kiểm tra rồi cập nhật A2. Chủ spa chọn ngừng bán và xác nhận → Hệ thống cập nhật trạng thái | K13: E1. Dữ liệu không hợp lệ → Hiển thị chi tiết lỗi và kết thúc thao tác | L13: ĐX: với gói nhập thêm ThuTu và KhoangCachNgayToiThieu từng dịch vụ thành phần; NgayBatDauBan/NgayKetThucBan | M13: BR-CAT-01, 02, 03
A14: 10 | B14: ='04_Checklist_UC'!B14 | C14: ='04_Checklist_UC'!E14 | D14: ='04_Checklist_UC'!F14 | E14: ='04_Checklist_UC'!G14 | F14: Có trong DA | G14: Dịch vụ hoặc gói được chọn; Thao tác với giỏ | H14: Giỏ hàng được cập nhật hoặc mở trang thanh toán | I14: 1. Khách mở danh sách dịch vụ và gói 2. Hệ thống tải danh sách 3. Khách nhấn thêm vào giỏ tại sản phẩm 4. Hệ thống kiểm tra sản phẩm đã có trong giỏ chưa 5. Nếu chưa có → Hệ thống tạo chi tiết giỏ hàng và ghi nhận giá | J14: A1. Khách mở giỏ → Hệ thống hiển thị chi tiết giỏ A2. Khách xóa sản phẩm và xác nhận → Hệ thống xóa rồi cập nhật tổng tiền A3. Khách chọn thanh toán → Hệ thống chuyển đến trang thanh toán | K14: E1. Sản phẩm đã tồn tại trong giỏ → Thông báo và không thêm trùng | L14: ĐX: nếu sản phẩm trong giỏ đã ngừng bán/đổi giá → đánh dấu khi mở giỏ | M14: BR-ORD-01
A15: 11 | B15: ='04_Checklist_UC'!B15 | C15: ='04_Checklist_UC'!E15 | D15: ='04_Checklist_UC'!F15 | E15: ='04_Checklist_UC'!G15 | F15: Có trong DA | G15: Sản phẩm cần mua; Mã khuyến mãi nếu có; Kết quả giao dịch | H15: Trạng thái thanh toán và đơn hàng; Quyền sử dụng khi thành công | I15: 1. Khách chọn thanh toán từ giỏ hoặc luồng đặt ngay 2. Hệ thống kiểm tra sản phẩm còn bán và lấy giá hiện tại 3. Hệ thống hiển thị thông tin đơn 4. Khách xác nhận thanh toán 5. Hệ thống tạo hoặc sử dụng đơn giữ chỗ đã có và chuyển đến cổng 6. Khách thực hiện thanh toán 7. Cổng xử lý và gửi kết quả 8. Hệ thống kiểm tra kết quả hợp lệ rồi cập nhật thanh toán và đơn hàng 9. Hệ thống tạo quyền sử dụng | J15: A1. Khách nhập mã khuyến mãi hợp lệ → Hệ thống tính số tiền giảm và tổng thanh toán A2. Thanh toán thất bại và khách muốn thử lại → Tạo lần thử thanh toán mới trên đơn đủ điều kiện A3. Khách không thử lại → Kết thúc | K15: E1. Mã không hợp lệ → Thông báo lỗi để khách sửa hoặc bỏ mã E2. Thanh toán không thành công hoặc kết quả không hợp lệ → Thông báo chưa ghi nhận thành công | L15: ĐX: bước 8 xử lý idempotent (cổng có thể gọi nhiều lần); bước 9 tạo DichVuKhachHang cho mỗi dịch vụ lẻ, GoiKhachHang + LieuTrinh + BuoiChamSoc cho mỗi gói; xóa sản phẩm đã mua khỏi giỏ | M15: BR-ORD-02..06; BR-PRM-01..03
A16: 12 | B16: ='04_Checklist_UC'!B16 | C16: ='04_Checklist_UC'!E16 | D16: ='04_Checklist_UC'!F16 | E16: ='04_Checklist_UC'!G16 | F16: Có trong DA | G16: Đơn được chọn và thao tác | H16: Thông tin đơn hoặc kết quả xử lý | I16: 1. Khách mở danh sách đơn hàng 2. Hệ thống hiển thị các đơn của khách 3. Khách chọn đơn và xem chi tiết 4. Hệ thống hiển thị sản phẩm và thông tin thanh toán | J16: A1. Khách chọn thanh toán lại → Chuyển sang màn hình thanh toán online khi đơn đủ điều kiện A2. Khách chọn hủy đơn → Hệ thống kiểm tra đơn chưa thanh toán và được phép hủy → Hủy đơn | K16: — | L16: ĐX: hủy đơn có lịch giữ chỗ → hủy luôn lịch giữ chỗ | M16: BR-ORD-04
... A38: 34 | B38: ='04_Checklist_UC'!B38 | C38: ='04_Checklist_UC'!E38 | D38: ='04_Checklist_UC'!F38 | E38: ='04_Checklist_UC'!G38 | F38: Có trong DA | G38: Yêu cầu mở thông báo và thông báo được chọn | H38: Nội dung thông báo và trạng thái đã đọc | I38: 1. Người dùng mở mục thông báo 2. Hệ thống kiểm tra có thông báo 3. Hệ thống hiển thị danh sách 4. Người dùng chọn một thông báo 5. Hệ thống hiển thị nội dung và đánh dấu đã đọc | J38: A1. Không có thông báo → Hệ thống hiển thị trạng thái trống và kết thúc | K38: — | L38: — | M38: BR-NTF-01

Sheet 06_Business_Rules
A1: 06 · BUSINESS RULES
A2: 45 quy tắc
A3: Cột Nguồn: DA = suy ra trực tiếp từ đặc tả/ràng buộc của DA; ĐX = tham số hoặc quy tắc đề xuất cần chốt.
A4: Mã BR | B4: Nhóm | C4: Tên quy tắc | D4: Quy tắc chi tiết | E4: Enforce ở đâu | F4: UC liên quan | G4: Nguồn
A5: BR-GEN-01 | B5: Chung | C5: Thời gian | D5: NgayHen/Ngay + Gio (TIME) hiểu theo giờ Asia/Ho_Chi_Minh; các cột DATETIME lưu UTC (timestamptz) | E5: Domain + EF Core | F5: Tất cả | G5: ĐX
A6: BR-AUTH-01 | B6: Tài khoản | C6: OTP email | D6: OTP 6 chữ số, hết hạn 5 phút, dùng 1 lần, lưu dạng hash; tối đa 5 lần nhập sai; gửi lại sau 60 giây | E6: Application + MaOtp | F6: UC-SPA-01, 03 | G6: DA (OTP) + ĐX (tham số)
A7: BR-AUTH-02 | B7: Tài khoản | C7: Mật khẩu | D7: Băm bằng ASP.NET Core Identity PasswordHasher; tối thiểu 8 ký tự gồm chữ và số; xác nhận phải khớp | E7: Validator | F7: UC-SPA-01, 03, 04 | G7: DA (cơ chế băm) + ĐX
A8: BR-AUTH-03 | B8: Tài khoản | C8: Đăng nhập theo trạng thái | D8: Chỉ TrangThai = HoatDong được đăng nhập; BiKhoa/NgungHoatDong → từ chối (UC-SPA-02 E2); JWT chứa vai trò | E8: Application | F8: UC-SPA-02 | G8: DA
A9: BR-AUTH-04 | B9: Tài khoản | C9: Duy nhất | D9: Email và SDT unique trên NguoiDung; người dùng không tự đổi VaiTro/TrangThai | E9: DB unique + Application | F9: UC-SPA-01, 04, 05 | G9: DA (ràng buộc unique)
A10: BR-AUTH-05 | B10: Tài khoản | C10: Khóa tài khoản | D10: Chủ spa khóa/mở khóa; khóa → thu hồi phiên; không tự khóa chính mình | E10: Application | F10: UC-SPA-05 | G10: DA + ĐX
A11: BR-CAT-01 | B11: Dịch vụ | C11: Hiển thị cho khách | D11: Chỉ DichVu/GoiDichVu TrangThai = DangBan (gói: thêm điều kiện trong NgayBatDauBan–NgayKetThucBan nếu có) | E11: Query | F11: UC-SPA-06, 07 | G11: DA
A12: BR-CAT-02 | B12: Dịch vụ | C12: Miền giá trị | D12: ThoiLuongPhut > 0; Gia ≥ 0; ThoiHanNgay > 0; SoBuoi > 0; ThuTu > 0; KhoangCachNgayToiThieu ≥ 0; NgayKetThucBan ≥ NgayBatDauBan | E12: DB CHECK + Validator | F12: UC-SPA-09 | G12: DA
A13: BR-CAT-03 | B13: Dịch vụ | C13: Ngừng bán thay vì xóa | D13: Dịch vụ/gói đã phát sinh đơn hoặc lịch hẹn chỉ được chuyển NgungBan; tên, giá đã lưu snapshot ở ChiTietDonHang, GoiKhachHang, BuoiChamSoc | E13: Application + FK RESTRICT | F13: UC-SPA-09 | G13: DA (UC A2 + cột snapshot)
A14: BR-ORD-01 | B14: Giỏ & đơn | C14: Giỏ hàng | D14: Mỗi khách 1 GioHang; không thêm trùng sản phẩm; mỗi ChiTietGioHang có đúng một trong IdDichVu/IdGoiDichVu | E14: DB unique + CHECK | F14: UC-SPA-10 | G14: DA
A15: BR-ORD-02 | B15: Giỏ & đơn | C15: Tính tiền phía server | D15: Khi thanh toán lấy lại giá hiện tại và kiểm tra còn bán; TongThanhToan = TongTienHang − TongGiamGia; ThanhTien = DonGia − TienGiam | E15: Application + CHECK | F15: UC-SPA-11 | G15: DA
... A49: BR-SEC-01 | B49: Bảo mật | C49: Phạm vi dữ liệu | D49: Khách hàng chỉ dữ liệu của mình; nhân viên chỉ lịch được phân công/khách đã chăm sóc/liệu trình phụ trách; chủ spa toàn quyền. Kiểm tra ở API, không dựa vào FE | E49: API Authorization | F49: Tất cả | G49: DA (phân quyền theo vai trò)

Sheet 07_Workflow
A1: 07 · WORKFLOW TRẠNG THÁI
A2: Giá trị trạng thái theo 20_Enum (đề xuất vì DA chỉ ghi ENUM)
A3: Mỗi bước kiểm tra trạng thái hiện tại; chuyển sai trạng thái trả 409/400.
A4: Mã WF | B4: Đối tượng | C4: Bước | D4: Từ trạng thái | E4: Đến trạng thái | F4: Actor | G4: Điều kiện / BR | H4: API / Trigger
A5: WF-01 | B5: Lịch hẹn (LichHen) | C5: Đặt ngay — luồng 1 | D5: — | E5: GiuCho | F5: CUS | G5: Giờ còn trống; tạo DonHang; GiuChoDen = now + 15' | H5: SPA-API-052
A6: WF-01 | B6: Lịch hẹn (LichHen) | C6: Thanh toán thành công trong hạn | D6: GiuCho | E6: DaXacNhan | F6: PGW → SYS | G6: Tạo DichVuKhachHang (DaDatLich) và gán IdDichVuKhachHang | H6: SPA-API-039
A7: WF-01 | B7: Lịch hẹn (LichHen) | C7: Hết hạn / thanh toán thất bại | D7: GiuCho | E7: HetHanGiuCho | F7: SYS | G7: Quá GiuChoDen; giải phóng chỗ (luồng 1 E2) | H7: Job
A8: WF-01 | B8: Lịch hẹn (LichHen) | C8: Đặt từ dịch vụ/gói đã mua — luồng 2 | D8: — | E8: ChoXacNhan hoặc DaXacNhan | F8: CUS | G8: BR-BKG-05; cần chốt có bước chủ spa xác nhận không | H8: SPA-API-053
A9: WF-01 | B9: Lịch hẹn (LichHen) | C9: Chủ spa xác nhận | D9: ChoXacNhan | E9: DaXacNhan | F9: OWN | G9: Chỉ khi dùng ChoXacNhan | H9: SPA-API-060
A10: WF-01 | B10: Lịch hẹn (LichHen) | C10: Đổi thời gian / nhân viên | D10: ChoXacNhan, DaXacNhan | E10: (giữ nguyên) | F10: CUS; OWN | G10: Kiểm tra trùng lịch, ca, kỹ năng | H10: SPA-API-056; SPA-API-061; SPA-API-062
A11: WF-01 | B11: Lịch hẹn (LichHen) | C11: Hủy | D11: GiuCho, ChoXacNhan, DaXacNhan | E11: DaHuy | F11: CUS; OWN | G11: Lý do bắt buộc (HuyLuc, LyDoHuy); trả quyền/buổi | H11: SPA-API-057; SPA-API-063
A12: WF-01 | B12: Lịch hẹn (LichHen) | C12: Hoàn thành | D12: DaXacNhan | E12: HoanThanh | F12: STF | G12: BR-CARE-03 | H12: SPA-API-097
A13: WF-01 | B13: Lịch hẹn (LichHen) | C13: Khách không đến | D13: DaXacNhan | E13: KhongDen | F13: OWN | G13: Sau giờ bắt đầu | H13: SPA-API-064
A14: WF-02 | B14: Đơn hàng (DonHang) | C14: Tạo đơn | D14: — | E14: ChoThanhToan | F14: CUS | G14: HetHanThanhToanLuc = now + 15' | H14: SPA-API-036; SPA-API-052
A15: WF-02 | B15: Đơn hàng (DonHang) | C15: Thanh toán thành công | D15: ChoThanhToan | E15: DaThanhToan | F15: PGW → SYS | G15: BR-ORD-05, 06 | H15: SPA-API-039
... A22: WF-04 | B22: Dịch vụ đã mua (DichVuKhachHang) | C22: Đặt lịch | D22: ChuaSuDung | E22: DaDatLich | F22: CUS | G22: Luồng 2 | H22: SPA-API-053
A23: WF-04 | B23: Dịch vụ đã mua (DichVuKhachHang) | C23: Hủy lịch | D23: DaDatLich | E23: ChuaSuDung | F23: CUS; OWN | H23: SPA-API-057; SPA-API-063
A24: WF-04 | B24: Dịch vụ đã mua (DichVuKhachHang) | C24: Hoàn thành | D24: DaDatLich | E24: DaSuDung | F24: STF | H24: SPA-API-097
A25: WF-04 | B25: Dịch vụ đã mua (DichVuKhachHang) | C25: Hết hạn | D25: ChuaSuDung | E25: HetHan | F25: SYS | G25: Nếu có NgayHetHan | H25: Job
A26: WF-05 | B26: Gói đã mua (GoiKhachHang) | C26: Tạo + kích hoạt | D26: — | E26: DangSuDung | F26: SYS | G26: Thanh toán thành công; tạo LieuTrinh + BuoiChamSoc | H26: SPA-API-039
A27: WF-05 | B27: Gói đã mua (GoiKhachHang) | C27: Dùng đủ buổi | D27: DangSuDung | E27: HoanThanh | F27: SYS | G27: SoBuoiDaDung = TongSoBuoi | H27: SPA-API-097
A28: WF-05 | B28: Gói đã mua (GoiKhachHang) | C28: Hết hạn | D28: DangSuDung | E28: HetHan | F28: SYS | G28: now > NgayHetHan | H28: Job
A29: WF-06 | B29: Liệu trình (LieuTrinh) | C29: Bắt đầu | D29: ChuaBatDau | E29: DangThucHien | F29: SYS | G29: Buổi đầu tiên hoàn thành (NgayBatDau) | H29: SPA-API-097
A30: WF-06 | B30: Liệu trình (LieuTrinh) | C30: Cập nhật / tạm dừng / hủy | D30: DangThucHien ↔ TamDung; → DaHuy | F30: OWN | G30: Lý do bắt buộc | H30: SPA-API-075
A31: WF-06 | B31: Liệu trình (LieuTrinh) | C31: Hoàn thành | D31: DangThucHien | E31: HoanThanh | F31: SYS | G31: Gói HoanThanh; NgayKetThucThucTe | H31: SPA-API-097
A32: WF-07 | B32: Buổi chăm sóc (BuoiChamSoc) | C32: Đặt lịch | D32: ChuaDat | E32: DaDatLich | F32: CUS | G32: BR-BKG-05 | H32: SPA-API-053
A33: WF-07 | B33: Buổi chăm sóc (BuoiChamSoc) | C33: Hủy lịch | D33: DaDatLich | E33: ChuaDat | F33: CUS; OWN | H33: SPA-API-057; SPA-API-063
A34: WF-07 | B34: Buổi chăm sóc (BuoiChamSoc) | C34: Hoàn thành | D34: DaDatLich | E34: HoanThanh | F34: STF | G34: GhiChu = kết quả; NgayHoanThanh | H34: SPA-API-097
A35: WF-08 | B35: Khuyến mãi (KhuyenMai) | C35: Thêm / ngừng / mở lại | D35: HoatDong ↔ NgungApDung | F35: OWN | H35: SPA-API-048; SPA-API-050
A36: WF-09 | B36: Dịch vụ / Gói | C36: Ngừng bán / mở bán | D36: DangBan ↔ NgungBan | F36: OWN | G36: BR-CAT-03 | H36: SPA-API-026; SPA-API-030
A37: WF-10 | B37: Tài khoản (NguoiDung) | C37: Khóa / mở khóa | D37: HoatDong ↔ BiKhoa | F37: OWN | G37: BR-AUTH-05 | H37: SPA-API-016
A38: WF-10 | B38: Tài khoản (NguoiDung) | C38: Nhân viên nghỉ việc | D38: HoatDong | E38: NgungHoatDong | F38: OWN | G38: Đến NgayNghiViec | H38: SPA-API-082
A39: WF-11 | B39: Đánh giá (DanhGia) | C39: Gửi / ẩn / hiện | D39: — → HienThi ↔ An | F39: CUS; OWN | G39: BR-REV-01, 02 | H39: SPA-API-101; SPA-API-104
A40: WF-12 | B40: Ca làm (LichLamViec) | C40: Thêm / hủy | D40: — → HoatDong → DaHuy | F40: OWN | G40: BR-STF-03 | H40: SPA-API-085; SPA-API-087

Sheet 08_Quy_trinh
A1: 08 · LUỒNG NGHIỆP VỤ XUYÊN SUỐT
A2: 6 luồng
A3: Dựa trên mục 'Hoạt động nghiệp vụ' của DA.
A4: Mã flow | B4: Tên quy trình | C4: Các bước nghiệp vụ | D4: Đường đi màn hình | E4: API chính | F4: Rule
A5: FL-01 | B5: Đặt ngay dịch vụ lẻ và thanh toán (luồng 1) | C5: Tìm kiếm → chi tiết dịch vụ → Đặt ngay → chọn ngày, nhân viên, giờ → hệ thống kiểm tra trống → tạo đơn + giữ chỗ 15' → (mã KM) → thanh toán qua cổng → webhook hợp lệ → đơn DaThanhToan, tạo DichVuKhachHang, lịch DaXacNhan → thông báo | D5: SCR-W02 → SCR-W03 → SCR-W13 → SCR-W11 → SCR-W12 → SCR-W15 | E5: SPA-API-017, 018, 051, 052, 035, 037, 039, 041 | F5: BR-BKG-01..06; BR-ORD-02..06; BR-PRM-01..03
A6: FL-02 | B6: Mua gói qua giỏ hàng và đặt buổi (luồng 2) | C6: Chi tiết gói → Thêm vào giỏ → Giỏ hàng → Thanh toán (KM) → webhook → GoiKhachHang + LieuTrinh + BuoiChamSoc → Dịch vụ và gói của tôi → chọn buổi đủ điều kiện → đặt lịch | D6: SCR-W05 → SCR-W10 → SCR-W11 → SCR-W12 → SCR-W16 → SCR-W17 → SCR-W13 | E6: SPA-API-020, 032, 031, 034, 036, 037, 039, 065, 069, 051, 053 | F6: BR-ORD-06; BR-BKG-05; BR-TRT-01
A7: FL-03 | B7: Thực hiện buổi chăm sóc | C7: Nhân viên xem lịch được phân công → mở chi tiết (dị ứng, liệu trình) → lập/cập nhật hồ sơ da → thực hiện dịch vụ → xác nhận hoàn thành (cập nhật quyền/tiến độ gói) → khách nhận thông báo → khách đánh giá | D7: SCR-W26 → SCR-W27 (Android SCR-M25 → SCR-M26) → SCR-W20 | E7: SPA-API-090, 059, 095, 093, 097, 110, 100, 101 | F7: BR-CARE-01..03; BR-TRT-03; BR-REV-01
A8: FL-04 | B8: Tư vấn AI dẫn tới mua/đặt | C8: Mở trợ lý → hỏi theo nhu cầu da → hệ thống chuẩn bị thông tin dịch vụ liên quan → AI trả lời kèm gợi ý → mở sản phẩm gợi ý (A2) → thêm giỏ / đặt ngay | D8: SCR-W21 → SCR-W03 / SCR-W05 → SCR-W13 | E8: SPA-API-106, 105, 018, 020, 052 | F8: BR-AI-01..04
A9: FL-05 | B9: Chủ spa điều phối lịch và xử lý thay đổi nhân sự | C9: Phân công ca tuần → khách đặt lịch theo ca → nhân viên nghỉ việc → hệ thống trả danh sách lịch bị ảnh hưởng → chủ spa đổi nhân viên/giờ cho từng lịch → thông báo khách | D9: SCR-W33 → SCR-W34 | E9: SPA-API-085, 082, 058, 062, 061 | F9: BR-STF-01, 03; BR-BKG-01..03
A10: FL-06 | B10: Báo cáo doanh thu | C10: Chủ spa mở báo cáo → chọn khoảng thời gian, nhóm theo tháng/quý/năm, tiêu chí → xem số liệu và biểu đồ → xuất Excel (ĐX) | D10: SCR-W30 → SCR-W38 | E10: SPA-API-107, 108, 109 | F10: BR-RPT-01

Sheet 09_Thuat_toan_lich
A1: 09 · THUẬT TOÁN GIỜ TRỐNG & CHỐNG TRÙNG LỊCH
A2: Mục tiêu MT-3 · UC-SPA-15, 16, 17, 23 · bảng LichLamViec, LichHen, NhanVien_DichVu
A3: Khoảng thời gian nửa mở [bắt đầu, kết thúc). NgayHen + Gio hiểu theo giờ Việt Nam.
A4: Bước | B4: Tên bước | C4: Xử lý | D4: Dữ liệu
A5: A1 | B5: Đầu vào | C5: idDichVu (hoặc idBuoiChamSoc → lấy IdDichVu, ThoiLuongPhut của buổi), ngay, idNhanVien? ; IdKhachHang từ JWT | D5: GET /availability
A6: A2 | B6: Thời lượng | C6: duration = DichVu.ThoiLuongPhut (buổi gói: BuoiChamSoc.ThoiLuongPhut); bước khung giờ step = 15 phút (ĐX, cấu hình) | D6: DichVu, BuoiChamSoc
A7: A3 | B7: Ứng viên nhân viên | C7: Nhân viên có NhanVien_DichVu(idDichVu), NguoiDung HoatDong, NgayNghiViec null hoặc > ngay; nếu có idNhanVien thì chỉ người đó | D7: NhanVien, NhanVien_DichVu, NguoiDung
A8: A4 | B8: Khoảng làm việc | C8: Các LichLamViec của nhân viên trong ngày, TrangThai HoatDong → các đoạn [GioBatDau, GioKetThuc) | D8: LichLamViec
A9: A5 | B9: Trừ lịch đã chiếm | C9: Trừ các LichHen của nhân viên cùng NgayHen ở trạng thái ChoXacNhan, DaXacNhan, GiuCho có GiuChoDen > now | D9: LichHen
A10: A6 | B10: Sinh khung giờ | C10: Trong mỗi đoạn rảnh, t chạy từ đầu đoạn (làm tròn lên bội số step); giữ t nếu [t, t+duration) nằm trọn trong đoạn rảnh | D10: —
A11: A7 | B11: Lọc theo khách | C11: Bỏ t nếu khách đã có lịch chiếm chỗ giao với [t, t+duration); bỏ t đã qua (ngày hôm nay); với buổi gói: bỏ ngày chưa đủ KhoangCachNgayToiThieu | D11: LichHen, GoiDichVuChiTiet
A12: A8 | B12: Kết quả | C12: Danh sách nhân viên kèm khung giờ trống (khớp 'Hệ thống hiển thị nhân viên và giờ trống' của DA) | D12: —
A13: A9 | B13: Khi đặt (POST) | C13: BEGIN; kiểm tra lại A3–A7 cho khung đã chọn; INSERT LichHen; COMMIT. Nếu hai yêu cầu đồng thời: ràng buộc EXCLUDE (BR-BKG-01) làm yêu cầu sau thất bại → 409 SLOT_UNAVAILABLE → FE yêu cầu chọn lại (E1/E2) | D13: LichHen
A14: A10 | B14: Giữ chỗ hết hạn | C14: Job mỗi phút chuyển GiuCho quá GiuChoDen → HetHanGiuCho để ràng buộc EXCLUDE không còn chặn khung giờ (ràng buộc không dùng được now()) | D14: Job nền
A15: A11 | B15: Độ phức tạp | C15: O(S × (W + A)) với S nhân viên ứng viên, W ca/ngày, A lịch hẹn/ngày của nhân viên — phù hợp quy mô spa | D15: —
A16: A12 | B16: Kiểm thử bắt buộc | C16: Khung sát giờ kết thúc ca; 2 ca tách rời trong ngày; giữ chỗ còn hạn/hết hạn; đặt đồng thời cùng khung (chỉ 1 thành công); đổi giờ sang khung giao với chính lịch cũ | D16: IntegrationTests

Sheet 10_Sidebar
A1: 10 · CẤU TRÚC SIDEBAR
A2: Menu web theo vai trò
A3: Icon bộ Lucide; quyền thật kiểm tra ở API.
A4: Vai trò | B4: Thứ tự | C4: Menu | D4: Icon | E4: Route | F4: Mã màn hình
A5: Owner | B5: 1 | C5: Tổng quan | D5: layout-dashboard | E5: /owner | F5: SCR-W30
A6: Owner | B6: 2 | C6: Lịch hẹn | D6: calendar-days | E6: /owner/bookings | F6: SCR-W34
A7: Owner | B7: 3 | C7: Liệu trình | D7: sparkles | E7: /owner/treatments | F7: SCR-W36
A8: Owner | B8: 4 | C8: Đơn hàng | D8: receipt | E8: /owner/orders | F8: SCR-W37
A9: Owner | B9: 5 | C9: Dịch vụ | D9: flower-2 | E9: /owner/services | F9: SCR-W31
A10: Owner | B10: 6 | C10: Gói dịch vụ | D10: package | E10: /owner/packages | F10: SCR-W32
A11: Owner | B11: 7 | C11: Khuyến mãi | D11: ticket-percent | E11: /owner/promotions | F11: SCR-W35
A12: Owner | B12: 8 | C12: Nhân viên & lịch làm việc | D12: id-card | E12: /owner/staff | F12: SCR-W33
A13: Owner | B13: 9 | C13: Đánh giá | D13: star | E13: /owner/reviews | F13: SCR-W39
A14: Owner | B14: 10 | C14: Tài khoản người dùng | D14: users | E14: /owner/accounts | F14: SCR-W40
A15: Owner | B15: 11 | C15: Báo cáo doanh thu | D15: chart-column | E15: /owner/reports | F15: SCR-W38
A16: Staff | B16: 1 | C16: Tổng quan | D16: layout-dashboard | E16: /staff | F16: SCR-W24
... A31: Customer | B31: 10 | C31: Tài khoản | D31: user-round | E31: /account | F31: SCR-W22

Sheet 11_Man_hinh
A1: 11 · DANH MỤC MÀN HÌNH
A2: 72 màn hình · Web (React + Vite) và Android (Expo Router)
A3: Trạng thái route: Đã có placeholder = route đã có trong repo (docs/frontend.md, docs/mobile.md); Đề xuất thêm = cần tạo; Có, cần đổi tên = route có nhưng tên chưa khớp DA.
A4: Mã màn hình | B4: Nền tảng | C4: Khu vực / Layout | D4: Nhóm | E4: Tên màn hình | F4: Route | G4: Trạng thái route | H4: Mẫu giao diện | I4: Tabs | J4: Bộ lọc | K4: Cột bảng / KPI | L4: Hành động | M4: Modal / Drawer | N4: UC liên quan | O4: Vai trò | P4: Sprint
A5: SCR-W01 | B5: Web | C5: Public | D5: Trang chủ | E5: Trang chủ | F5: / | G5: Đã có placeholder | H5: Hero + dịch vụ/gói nổi bật + ô tìm kiếm | I5: — | J5: — | K5: Dịch vụ nổi bật; Gói nổi bật | L5: Tìm kiếm; Hỏi trợ lý AI | M5: Widget chat AI | N5: UC-SPA-06, 32 | O5: GUEST, CUS | P5: Sprint 1
A6: SCR-W02 | B6: Web | C6: Public | D6: Dịch vụ | E6: Tìm kiếm dịch vụ | F6: /services | G6: Đã có placeholder | H6: Grid thẻ + bộ lọc | I6: — | J6: Từ khóa (gợi ý); Loại dịch vụ; Khoảng giá; Chỉ dịch vụ đã từng sử dụng (đã đăng nhập) | K6: Ảnh; Tên; Giá; Thời lượng; ★; Nhãn 'Đã sử dụng' | L6: Xem chi tiết; Thêm vào giỏ; Xóa bộ lọc; Hỏi AI | M6: — | N6: UC-SPA-06, 32 | O6: GUEST, CUS | P6: Sprint 1
A7: SCR-W03 | B7: Web | C7: Public | D7: Dịch vụ | E7: Chi tiết dịch vụ | F7: /services/:serviceId | G7: Đã có placeholder | H7: Chi tiết + CTA cố định | I7: Mô tả; Đánh giá | J7: Lọc đánh giá theo sao | K7: Giá; Thời lượng; Ảnh; ★ trung bình | L7: Thêm vào giỏ; Đặt ngay | M7: — | N7: UC-SPA-07, 29 | O7: GUEST, CUS | P7: Sprint 1
A8: SCR-W04 | B8: Web | C8: Public | D8: Gói dịch vụ | E8: Tìm kiếm gói dịch vụ | F8: /packages | G8: Đã có placeholder | H8: Grid thẻ | I8: — | J8: Từ khóa; Khoảng giá | K8: Tên; Tổng buổi; Thời hạn; Giá | L8: Xem chi tiết; Thêm vào giỏ | M8: — | N8: UC-SPA-06 | O8: GUEST, CUS | P8: Sprint 1
A9: SCR-W05 | B9: Web | C9: Public | D9: Gói dịch vụ | E9: Chi tiết gói dịch vụ | F9: /packages/:packageId | G9: Đã có placeholder | H9: Chi tiết + trình tự buổi | I9: Tổng quan; Dịch vụ thành phần; Đánh giá | J9: — | K9: Dịch vụ theo ThuTu; SoBuoi; Khoảng cách tối thiểu; Thời hạn | L9: Thêm vào giỏ; Mua ngay | M9: — | N9: UC-SPA-07, 29 | O9: GUEST, CUS | P9: Sprint 1
A10: SCR-W06 | B10: Web | C10: Public | D10: Giới thiệu | E10: Giới thiệu spa | F10: /about | G10: Đề xuất thêm | H10: Trang nội dung | I10: — | J10: — | K10: Giới thiệu; Địa chỉ; SĐT; Giờ mở cửa; Bản đồ | L10: Liên hệ | M10: — | N10: UC-SPA-08 | O10: GUEST, CUS | P10: Sprint 1
A11: SCR-W07 | B11: Web | C11: Public | D11: Tài khoản | E11: Đăng nhập | F11: /login | G11: Đã có placeholder | H11: Form | I11: — | J11: — | K11: — | L11: Đăng nhập; Quên mật khẩu | M11: — | N11: UC-SPA-02 | O11: GUEST | P11: Sprint 1
A12: SCR-W08 | B12: Web | C12: Public | D12: Tài khoản | E12: Đăng ký (2 bước: thông tin → OTP) | F12: /register | G12: Đã có placeholder | H12: Form + bước OTP | I12: — | J12: — | K12: — | L12: Đăng ký; Nhập OTP; Gửi lại OTP | M12: — | N12: UC-SPA-01 | O12: GUEST | P12: Sprint 1
A13: SCR-W09 | B13: Web | C13: Public | D13: Tài khoản | E13: Quên mật khẩu (email → OTP → mật khẩu mới) | F13: /forgot-password | G13: Đề xuất thêm | H13: Form 3 bước | I13: — | J13: — | K13: — | L13: Gửi OTP; Xác nhận OTP; Đặt mật khẩu | M13: — | N13: UC-SPA-03 | O13: GUEST | P13: Sprint 1
A14: SCR-W10 | B14: Web | C14: Customer | D14: Mua sắm | E14: Giỏ hàng | F14: /cart | G14: Đề xuất thêm | H14: Danh sách + tổng tiền | I14: — | J14: — | K14: Sản phẩm; Loại; Đơn giá; Tổng | L14: Xóa; Thanh toán | M14: Modal xác nhận xóa | N14: UC-SPA-10 | O14: CUS | P14: Sprint 2
A15: SCR-W11 | B15: Web | C15: Customer | D15: Mua sắm | E15: Thanh toán | F15: /checkout?orderId= | G15: Đề xuất thêm | H15: Tóm tắt đơn + mã KM | I15: — | J15: — | K15: Chi tiết đơn; Giảm giá; Tổng thanh toán; Thời hạn giữ chỗ | L15: Áp mã KM; Xác nhận thanh toán | M15: — | N15: UC-SPA-11 | O15: CUS | P15: Sprint 2
... A76: SCR-M32 | B76: Android | C76: Owner Stack | D76: — | E76: Báo cáo | F76: app/(owner)/reports.tsx | G76: Đã có placeholder | H76: Biểu đồ | I76: — | J76: Tháng/quý/năm | K76: Doanh thu | L76: — | M76: — | N76: UC-SPA-33 | O76: OWN | P76: Sprint 3

Sheet 12_API_Endpoints
A1: 12 · DANH MỤC API ENDPOINTS
A2: 116 endpoint · base /api/v1 · envelope {success, message, data, errors, traceId}
A3: Đặc tả đề xuất, chưa triển khai. Tên trường JSON theo thuộc tính DA (camelCase). ALL = mọi người kể cả khách vãng lai.
A4: ID API | B4: Mã nhóm | C4: Nghiệp vụ | D4: Hành động | E4: Method | F4: Endpoint | G4: Loại | H4: UC | I4: Màn hình | J4: Vai trò | K4: Request | L4: Response | M4: HTTP | N4: Ghi chú | O4: Trạng thái
A5: SPA-API-001 | B5: AUTH | C5: Tài khoản & xác thực | D5: Đăng ký — gửi OTP | E5: POST | F5: /api/v1/auth/register/request-otp | G5: Command | H5: UC-SPA-01 | I5: SCR-W08, SCR-M07 | J5: GUEST | K5: {hoTen, email, sdt, matKhau, xacNhanMatKhau} | L5: {email, hetHanLuc} | M5: 202 | N5: Lưu MaOtp(DangKy) + dữ liệu đăng ký chờ; 409 EMAIL_EXISTS / PHONE_EXISTS | O5: Đề xuất
A6: SPA-API-002 | B6: AUTH | C6: Tài khoản & xác thực | D6: Đăng ký — xác thực OTP | E6: POST | F6: /api/v1/auth/register/verify-otp | G6: Command | H6: UC-SPA-01 | I6: SCR-W08, SCR-M07 | J6: GUEST | K6: {email, otp} | L6: {maNguoiDung} | M6: 201 | N6: Tạo NguoiDung(KhachHang) + KhachHang; 400 OTP_INVALID / OTP_EXPIRED | O6: Đề xuất
A7: SPA-API-003 | B7: AUTH | C7: Tài khoản & xác thực | D7: Đăng nhập | E7: POST | F7: /api/v1/auth/login | G7: Command | H7: UC-SPA-02 | I7: SCR-W07, SCR-M06 | J7: GUEST | K7: {tenDangNhap (email|sdt), matKhau} | L7: {accessToken, expiresIn, nguoiDung{maNguoiDung, hoTen, vaiTro}} | M7: 200 | N7: 403 ACCOUNT_LOCKED khi TrangThai ≠ HoatDong | O7: Đề xuất
A8: SPA-API-004 | B8: AUTH | C8: Tài khoản & xác thực | D8: Làm mới phiên | E8: POST | F8: /api/v1/auth/refresh | G8: Command | H8: UC-SPA-02 | I8: — | J8: CUS, STF, OWN | K8: {refreshToken} (web: cookie HttpOnly) | L8: {accessToken, expiresIn} | M8: 200 | N8: Xoay vòng RefreshToken | O8: Đề xuất
A9: SPA-API-005 | B9: AUTH | C9: Tài khoản & xác thực | D9: Đăng xuất | E9: POST | F9: /api/v1/auth/logout | G9: Command | H9: UC-SPA-02 | I9: SCR-W22, SCR-M15 | J9: CUS, STF, OWN | K9: — | L9: — | M9: 204 | O9: Đề xuất
A10: SPA-API-006 | B10: AUTH | C10: Tài khoản & xác thực | D10: Quên mật khẩu — gửi OTP | E10: POST | F10: /api/v1/auth/forgot-password/request-otp | G10: Command | H10: UC-SPA-03 | I10: SCR-W09, SCR-M08 | J10: GUEST | K10: {email} | L10: {hetHanLuc} | M10: 202 | N10: DA E1: email không tồn tại → thông báo (cân nhắc trả chung để tránh dò tài khoản) | O10: Đề xuất
A11: SPA-API-007 | B11: AUTH | C11: Tài khoản & xác thực | D11: Quên mật khẩu — xác thực OTP | E11: POST | F11: /api/v1/auth/forgot-password/verify-otp | G11: Command | H11: UC-SPA-03 | I11: SCR-W09, SCR-M08 | J11: GUEST | K11: {email, otp} | L11: {resetToken (ngắn hạn)} | M11: 200 | O11: Đề xuất
A12: SPA-API-008 | B12: AUTH | C12: Tài khoản & xác thực | D12: Quên mật khẩu — đặt mật khẩu mới | E12: POST | F12: /api/v1/auth/forgot-password/reset | G12: Command | H12: UC-SPA-03 | I12: SCR-W09, SCR-M08 | J12: GUEST | K12: {resetToken, matKhauMoi, xacNhanMatKhau} | L12: — | M12: 204 | N12: Thu hồi mọi RefreshToken | O12: Đề xuất
A13: SPA-API-009 | B13: AUTH | C13: Tài khoản & xác thực | D13: Thông tin tài khoản của tôi | E13: GET | F13: /api/v1/me | G13: Query | H13: UC-SPA-04 | I13: SCR-W22, SCR-M15 | J13: CUS, STF, OWN | K13: — | L13: MeDto{maNguoiDung, hoTen, email, sdt, vaiTro, anhDaiDien, ngaySinh, gioiTinh} | M13: 200 | O13: Đề xuất
A14: SPA-API-010 | B14: AUTH | C14: Tài khoản & xác thực | D14: Cập nhật thông tin tài khoản | E14: PUT | F14: /api/v1/me | G14: Command | H14: UC-SPA-04 | I14: SCR-W22, SCR-M15 | J14: CUS, STF, OWN | K14: {hoTen, sdt, ngaySinh, gioiTinh} | L14: MeDto | M14: 200 | N14: 409 PHONE_EXISTS | O14: Đề xuất
A15: SPA-API-011 | B15: AUTH | C15: Tài khoản & xác thực | D15: Đổi mật khẩu | E15: PUT | F15: /api/v1/me/password | G15: Command | H15: UC-SPA-04 | I15: SCR-W22 | J15: CUS, STF, OWN | K15: {matKhauCu, matKhauMoi} | L15: — | M15: 204 | O15: Đề xuất
A16: SPA-API-012 | B16: AUTH | C16: Tài khoản & xác thực | D16: Đổi ảnh đại diện | E16: POST | F16: /api/v1/me/avatar | G16: Upload | H16: UC-SPA-04 | I16: SCR-W22, SCR-M15 | J16: CUS, STF, OWN | K16: multipart file (≤ 5MB, jpg/png/webp) | L16: {anhDaiDien} | M16: 200 | O16: Đề xuất
A17: SPA-API-013 | B17: AUTH | C17: Tài khoản & xác thực | D17: Danh sách tài khoản | E17: GET | F17: /api/v1/users | G17: Query | H17: UC-SPA-05 | I17: SCR-W40 | J17: OWN | K17: ?q&vaiTro&trangThai&page&pageSize | L17: PagedResult<UserListItemDto> | M17: 200 | O17: Đề xuất
A18: SPA-API-014 | B18: AUTH | C18: Tài khoản & xác thực | D18: Chi tiết tài khoản | E18: GET | F18: /api/v1/users/{id} | G18: Query | H18: UC-SPA-05 | I18: SCR-W40 | J18: OWN | K18: — | L18: UserDetailDto | M18: 200 | O18: Đề xuất
A19: SPA-API-015 | B19: AUTH | C19: Tài khoản & xác thực | D19: Sửa tài khoản | E19: PUT | F19: /api/v1/users/{id} | G19: Command | H19: UC-SPA-05 | I19: SCR-W40 | J19: OWN | K19: {hoTen, sdt, ngaySinh, gioiTinh} | L19: UserDetailDto | M19: 200 | O19: Đề xuất
A20: SPA-API-016 | B20: AUTH | C20: Tài khoản & xác thực | D20: Khóa / mở khóa tài khoản | E20: PATCH | F20: /api/v1/users/{id}/status | G20: Command | H20: UC-SPA-05 | I20: SCR-W40 | J20: OWN | K20: {trangThai: HoatDong|BiKhoa} | L20: — | M20: 204 | N20: Khóa → thu hồi RefreshToken; không tự khóa mình | O20: Đề xuất
A21: SPA-API-017 | B21: CAT | C21: Dịch vụ & gói dịch vụ | D21: Tìm kiếm dịch vụ | E21: GET | F21: /api/v1/services | G21: Query | H21: UC-SPA-06, UC-SPA-09 | I21: SCR-W01, SCR-W02, SCR-W31, SCR-M01, SCR-M02, SCR-M29 | J21: ALL | K21: ?q&loaiDichVu&giaTu&giaDen&daSuDung (CUS)&trangThai (OWN)&page&pageSize | L21: PagedResult<DichVuListItemDto{id, tenDichVu, loaiDichVu, gia, thoiLuongPhut, hinhAnh, diemTrungBinh, daSuDung?}> | M21: 200 | N21: Khách chỉ thấy DangBan | O21: Đề xuất
A22: SPA-API-018 | B22: CAT | C22: Dịch vụ & gói dịch vụ | D22: Chi tiết dịch vụ | E22: GET | F22: /api/v1/services/{id} | G22: Query | H22: UC-SPA-07 | I22: SCR-W03, SCR-M03 | J22: ALL | K22: — | L22: DichVuDetailDto | M22: 200 | N22: 404 nếu NgungBan (với khách) | O22: Đề xuất
A23: SPA-API-019 | B23: CAT | C23: Dịch vụ & gói dịch vụ | D23: Tìm kiếm gói dịch vụ | E23: GET | F23: /api/v1/packages | G23: Query | H23: UC-SPA-06, UC-SPA-09 | I23: SCR-W01, SCR-W04, SCR-W32, SCR-M04 | J23: ALL | K23: ?q&giaTu&giaDen&daSuDung&trangThai&page&pageSize | L23: PagedResult<GoiDichVuListItemDto{id, tenGoiDichVu, gia, thoiHanNgay, tongSoBuoi}> | M23: 200 | N23: Khách: DangBan và trong NgayBatDauBan–NgayKetThucBan | O23: Đề xuất
A24: SPA-API-020 | B24: CAT | C24: Dịch vụ & gói dịch vụ | D24: Chi tiết gói dịch vụ | E24: GET | F24: /api/v1/packages/{id} | G24: Query | H24: UC-SPA-07 | I24: SCR-W05, SCR-M05 | J24: ALL | K24: — | L24: GoiDichVuDetailDto{…, chiTiet[{dichVu, soBuoi, thuTu, khoangCachNgayToiThieu}]} | M24: 200 | O24: Đề xuất
A25: SPA-API-021 | B25: CAT | C25: Dịch vụ & gói dịch vụ | D25: Danh sách loại dịch vụ | E25: GET | F25: /api/v1/service-types | G25: Query | H25: UC-SPA-06 | I25: SCR-W02, SCR-M02 | J25: ALL | K25: — | L25: string[] (DISTINCT LoaiDichVu) | M25: 200 | N25: Dùng làm bộ lọc 'danh mục' | O25: Đề xuất
A26: SPA-API-022 | B26: CAT | C26: Dịch vụ & gói dịch vụ | D26: Gợi ý tìm kiếm | E26: GET | F26: /api/v1/catalog/suggestions | G26: Query | H26: UC-SPA-06 | I26: SCR-W02, SCR-M02 | J26: ALL | K26: ?q (≥ 2 ký tự) | L26: [{loai: DichVu|Goi, id, ten}] (≤ 8) | M26: 200 | N26: UC-SPA-06 A1 | O26: Đề xuất
A27: SPA-API-023 | B27: CAT | C27: Dịch vụ & gói dịch vụ | D27: Thông tin giới thiệu spa | E27: GET | F27: /api/v1/spa-info | G27: Query | H27: UC-SPA-08 | I27: SCR-W06, SCR-M09 | J27: ALL | K27: — | L27: {tenSpa, gioiThieu, diaChi, sdt, gioMoCua} | M27: 200 | N27: ERD chưa có bảng → ThongTinSpa (ĐX) hoặc appsettings | O27: Đề xuất
A28: SPA-API-024 | B28: CAT | C28: Dịch vụ & gói dịch vụ | D28: Thêm dịch vụ | E28: POST | F28: /api/v1/services | G28: Command | H28: UC-SPA-09 | I28: SCR-W31 | J28: OWN | K28: {tenDichVu, loaiDichVu, moTa, thoiLuongPhut, gia, trangThai} | L28: DichVuDetailDto | M28: 201 | O28: Đề xuất
A29: SPA-API-025 | B29: CAT | C29: Dịch vụ & gói dịch vụ | D29: Sửa dịch vụ | E29: PUT | F29: /api/v1/services/{id} | G29: Command | H29: UC-SPA-09 | I29: SCR-W31 | J29: OWN | K29: {tenDichVu, loaiDichVu, moTa, thoiLuongPhut, gia} | L29: DichVuDetailDto | M29: 200 | O29: Đề xuất
A30: SPA-API-026 | B30: CAT | C30: Dịch vụ & gói dịch vụ | D30: Ngừng bán / mở bán dịch vụ | E30: PATCH | F30: /api/v1/services/{id}/status | G30: Command | H30: UC-SPA-09 | I30: SCR-W31, SCR-M29 | J30: OWN | K30: {trangThai: DangBan|NgungBan} | L30: — | M30: 204 | O30: Đề xuất
A31: SPA-API-027 | B31: CAT | C31: Dịch vụ & gói dịch vụ | D31: Tải ảnh dịch vụ | E31: POST | F31: /api/v1/services/{id}/image | G31: Upload | H31: UC-SPA-09 | I31: SCR-W31 | J31: OWN | K31: multipart file | L31: {hinhAnh} | M31: 200 | O31: Đề xuất
A32: SPA-API-028 | B32: CAT | C32: Dịch vụ & gói dịch vụ | D32: Thêm gói dịch vụ | E32: POST | F32: /api/v1/packages | G32: Command | H32: UC-SPA-09 | I32: SCR-W32 | J32: OWN | K32: {tenGoiDichVu, moTa, gia, thoiHanNgay, ngayBatDauBan, ngayKetThucBan, chiTiet[{idDichVu, soBuoi, thuTu, khoangCachNgayToiThieu, ghiChu}]} | L32: GoiDichVuDetailDto | M32: 201 | N32: ≥ 1 dịch vụ thành phần | O32: Đề xuất
A33: SPA-API-029 | B33: CAT | C33: Dịch vụ & gói dịch vụ | D33: Sửa gói dịch vụ | E33: PUT | F33: /api/v1/packages/{id} | G33: Command | H33: UC-SPA-09 | I33: SCR-W32 | J33: OWN | K33: như thêm | L33: GoiDichVuDetailDto | M33: 200 | N33: Không ảnh hưởng GoiKhachHang đã bán | O33: Đề xuất
A34: SPA-API-030 | B34: CAT | C34: Dịch vụ & gói dịch vụ | D34: Ngừng bán / mở bán gói | E34: PATCH | F34: /api/v1/packages/{id}/status | G34: Command | H34: UC-SPA-09 | I34: SCR-W32 | J34: OWN | K34: {trangThai} | L34: — | M34: 204 | O34: Đề xuất
A35: SPA-API-031 | B35: ORD | C35: Giỏ hàng, đơn hàng & thanh toán | D35: Xem giỏ hàng | E35: GET | F35: /api/v1/me/cart | G35: Query | H35: UC-SPA-10 | I35: SCR-W10, SCR-M19 | J35: CUS | K35: — | L35: {items[{id, loai, idSanPham, ten, donGia, giaHienTai, conBan}], tongTien} | M35: 200 | N35: Đánh dấu sản phẩm ngừng bán/đổi giá | O35: Đề xuất
A36: SPA-API-032 | B36: ORD | C36: Giỏ hàng, đơn hàng & thanh toán | D36: Thêm vào giỏ | E36: POST | F36: /api/v1/me/cart/items | G36: Command | H36: UC-SPA-10 | I36: SCR-W02, SCR-W03, SCR-W04, SCR-W05, SCR-M02, SCR-M03, SCR-M05 | J36: CUS | K36: {idDichVu? | idGoiDichVu?} | L36: CartDto | M36: 201 | N36: 409 CART_ITEM_EXISTS (E1) | O36: Đề xuất
A37: SPA-API-033 | B37: ORD | C37: Giỏ hàng, đơn hàng & thanh toán | D37: Xóa khỏi giỏ | E37: DELETE | F37: /api/v1/me/cart/items/{itemId} | G37: Command | H37: UC-SPA-10 | I37: SCR-W10, SCR-M19 | J37: CUS | K37: — | L37: CartDto | M37: 200 | O37: Đề xuất
A38: SPA-API-034 | B38: ORD | C38: Giỏ hàng, đơn hàng & thanh toán | D38: Xem trước đơn (tính tiền) | E38: POST | F38: /api/v1/me/orders/preview | G38: Query | H38: UC-SPA-11 | I38: SCR-W11, SCR-M19 | J38: CUS | K38: {nguon: GioHang|MuaNgay, items?[], maKhuyenMai?} | L38: {chiTiet[], tongTienHang, tongGiamGia, tongThanhToan, loiKhuyenMai?} | M38: 200 | N38: Giá lấy lại từ DB | O38: Đề xuất
A39: SPA-API-035 | B39: PRM | C39: Khuyến mãi | D39: Kiểm tra mã khuyến mãi | E39: POST | F39: /api/v1/promotions/validate | G39: Query | H39: UC-SPA-11 | I39: SCR-W11, SCR-M19 | J39: CUS | K39: {maCode, tongTienHang} | L39: {hopLe, soTienGiam, lyDo?} | M39: 200 | N39: UC-SPA-11 A1/E1 | O39: Đề xuất
A40: SPA-API-036 | B40: ORD | C40: Giỏ hàng, đơn hàng & thanh toán | D40: Tạo đơn hàng | E40: POST | F40: /api/v1/me/orders | G40: Command | H40: UC-SPA-11 | I40: SCR-W11, SCR-M19 | J40: CUS | K40: {nguon: GioHang|MuaNgay, items?[], maKhuyenMai?} | L40: DonHangDto{id, maDonHang, tongThanhToan, trangThai: ChoThanhToan, hetHanThanhToanLuc} | M40: 201 | N40: Idempotency-Key; tạo ApDungKhuyenMai nếu có mã | O40: Đề xuất
A41: SPA-API-037 | B41: ORD | C41: Giỏ hàng, đơn hàng & thanh toán | D41: Tạo lần thanh toán (lấy URL cổng) | E41: POST | F41: /api/v1/me/orders/{id}/payments | G41: Command | H41: UC-SPA-11, UC-SPA-12 | I41: SCR-W11, SCR-W19, SCR-M19, SCR-M20 | J41: CUS | K41: {returnUrl} | L41: {idThanhToan, paymentUrl, thoiGianHetHan} | M41: 201 | N41: Tạo ThanhToan(DangCho, MaYeuCau unique); A2 thử lại = lần thanh toán mới | O41: Đề xuất
A42: SPA-API-038 | B42: ORD | C42: Giỏ hàng, đơn hàng & thanh toán | D42: Return URL từ cổng | E42: GET | F42: /api/v1/payments/return | G42: Callback | H42: UC-SPA-11 | I42: SCR-W12 | J42: PGW (trình duyệt) | K42: tham số cổng | L42: 302 → /payment/result?orderId= | M42: 302 | N42: Chỉ hiển thị, không ghi nhận | O42: Đề xuất
A43: SPA-API-039 | B43: ORD | C43: Giỏ hàng, đơn hàng & thanh toán | D43: IPN / webhook từ cổng | E43: POST | F43: /api/v1/payments/webhook | G43: Callback | H43: UC-SPA-11 | I43: — | J43: PGW | K43: payload + chữ ký | L43: Theo chuẩn cổng | M43: 200 | N43: Xác thực chữ ký, số tiền; idempotent theo MaYeuCau; thành công → tạo quyền sử dụng | O43: Đề xuất
A44: SPA-API-040 | B44: ORD | C44: Giỏ hàng, đơn hàng & thanh toán | D44: Đơn hàng của tôi | E44: GET | F44: /api/v1/me/orders | G44: Query | H44: UC-SPA-12 | I44: SCR-W19, SCR-M20 | J44: CUS | K44: ?trangThai&tuNgay&denNgay&page&pageSize | L44: PagedResult<DonHangListItemDto> | M44: 200 | O44: Đề xuất
A45: SPA-API-041 | B45: ORD | C45: Giỏ hàng, đơn hàng & thanh toán | D45: Chi tiết đơn của tôi | E45: GET | F45: /api/v1/me/orders/{id} | G45: Query | H45: UC-SPA-11, UC-SPA-12 | I45: SCR-W11, SCR-W12, SCR-W19, SCR-M20 | J45: CUS | K45: — | L45: DonHangDetailDto{chiTiet[], thanhToan[], apDungKhuyenMai?} | M45: 200 | N45: Trang kết quả poll tối đa 10 × 2s | O45: Đề xuất
A46: SPA-API-042 | B46: ORD | C46: Giỏ hàng, đơn hàng & thanh toán | D46: Hủy đơn của tôi | E46: POST | F46: /api/v1/me/orders/{id}/cancel | G46: Command | H46: UC-SPA-12 | I46: SCR-W19, SCR-M20 | J46: CUS | K46: — | L46: DonHangDto | M46: 200 | N46: Chỉ ChoThanhToan; hủy lịch giữ chỗ liên quan | O46: Đề xuất
A47: SPA-API-043 | B47: ORD | C47: Giỏ hàng, đơn hàng & thanh toán | D47: Danh sách đơn hàng | E47: GET | F47: /api/v1/orders | G47: Query | H47: UC-SPA-13, UC-SPA-33 | I47: SCR-W37 | J47: OWN | K47: ?q (mã đơn, khách)&trangThai&tuNgay&denNgay&page&pageSize | L47: PagedResult<DonHangListItemDto> | M47: 200 | O47: Đề xuất
A48: SPA-API-044 | B48: ORD | C48: Giỏ hàng, đơn hàng & thanh toán | D48: Chi tiết đơn hàng | E48: GET | F48: /api/v1/orders/{id} | G48: Query | H48: UC-SPA-13 | I48: SCR-W37 | J48: OWN | K48: — | L48: DonHangDetailDto | M48: 200 | O48: Đề xuất
A49: SPA-API-045 | B49: ORD | C49: Giỏ hàng, đơn hàng & thanh toán | D49: Hủy đơn chưa thanh toán | E49: POST | F49: /api/v1/orders/{id}/cancel | G49: Command | H49: UC-SPA-13 | I49: SCR-W37 | J49: OWN | K49: {lyDo} | L49: DonHangDto | M49: 200 | N49: 409 ORDER_NOT_CANCELLABLE | O49: Đề xuất
A50: SPA-API-046 | B50: PRM | C50: Khuyến mãi | D50: Danh sách khuyến mãi | E50: GET | F50: /api/v1/promotions | G50: Query | H50: UC-SPA-14 | I50: SCR-W35 | J50: OWN | K50: ?q&trangThai&tuNgay&denNgay&page&pageSize | L50: PagedResult<KhuyenMaiDto{…, daSuDung}> | M50: 200 | O50: Đề xuất
A51: SPA-API-047 | B51: PRM | C51: Khuyến mãi | D51: Chi tiết khuyến mãi | E51: GET | F51: /api/v1/promotions/{id} | G51: Query | H51: UC-SPA-14 | I51: SCR-W35 | J51: OWN | K51: — | L51: KhuyenMaiDto | M51: 200 | O51: Đề xuất
A52: SPA-API-048 | B52: PRM | C52: Khuyến mãi | D52: Thêm khuyến mãi | E52: POST | F52: /api/v1/promotions | G52: Command | H52: UC-SPA-14 | I52: SCR-W35 | J52: OWN | K52: {maCode, moTa, loaiGiamGia, giaTri, giaTriDonHangToiThieu, giaTriGiamToiDa, ngayBatDau, ngayKetThuc, gioiHanMoiKhach, soLuong} | L52: KhuyenMaiDto | M52: 201 | N52: 409 CODE_EXISTS | O52: Đề xuất
A53: SPA-API-049 | B53: PRM | C53: Khuyến mãi | D53: Sửa khuyến mãi | E53: PUT | F53: /api/v1/promotions/{id} | G53: Command | H53: UC-SPA-14 | I53: SCR-W35 | J53: OWN | K53: như thêm | L53: KhuyenMaiDto | M53: 200 | N53: 409 PROMO_IN_USE nếu đổi loại/giá trị khi đã có lượt dùng | O53: Đề xuất
A54: SPA-API-050 | B54: PRM | C54: Khuyến mãi | D54: Ngừng / mở lại khuyến mãi | E54: PATCH | F54: /api/v1/promotions/{id}/status | G54: Command | H54: UC-SPA-14 | I54: SCR-W35 | J54: OWN | K54: {trangThai: HoatDong|NgungApDung} | L54: — | M54: 204 | O54: Đề xuất
A55: SPA-API-051 | B55: BKG | C55: Đặt lịch & lịch hẹn | D55: Tìm giờ trống | E55: GET | F55: /api/v1/availability | G55: Query | H55: UC-SPA-15, UC-SPA-16, UC-SPA-17 | I55: SCR-W13, SCR-W15, SCR-W34, SCR-M12, SCR-M18 | J55: ALL | K55: ?idDichVu&ngay&idNhanVien?&idBuoiChamSoc? | L55: {ngay, nhanVien[{id, hoTen, khungGio[{gioBatDau, gioKetThuc}]}]} | M55: 200 | N55: Lõi thuật toán — 09_Thuat_toan_lich | O55: Đề xuất
A56: SPA-API-052 | B56: BKG | C56: Đặt lịch & lịch hẹn | D56: Đặt ngay (luồng 1: giữ chỗ + tạo đơn) | E56: POST | F56: /api/v1/me/appointments/book-now | G56: Command | H56: UC-SPA-15 | I56: SCR-W13, SCR-M18 | J56: CUS | K56: {idDichVu, ngay, gioBatDau, idNhanVien, maKhuyenMai?} | L56: {idLichHen, trangThai: GiuCho, giuChoDen, idDonHang} | M56: 201 | N56: Idempotency-Key; 409 SLOT_UNAVAILABLE; tiếp theo gọi SPA-API-037 | O56: Đề xuất
A57: SPA-API-053 | B57: BKG | C57: Đặt lịch & lịch hẹn | D57: Đặt lịch từ dịch vụ/gói đã mua (luồng 2) | E57: POST | F57: /api/v1/me/appointments | G57: Command | H57: UC-SPA-15, UC-SPA-18, UC-SPA-19 | I57: SCR-W13, SCR-M18 | J57: CUS | K57: {idDichVuKhachHang? | idBuoiChamSoc?, ngay, gioBatDau, idNhanVien} | L57: LichHenDto{trangThai: ChoXacNhan|DaXacNhan} | M57: 201 | N57: Idempotency-Key; 400 ENTITLEMENT_NOT_ELIGIBLE (E1); 409 SLOT_UNAVAILABLE (E2) | O57: Đề xuất
A58: SPA-API-054 | B58: BKG | C58: Đặt lịch & lịch hẹn | D58: Lịch hẹn của tôi | E58: GET | F58: /api/v1/me/appointments | G58: Query | H58: UC-SPA-16 | I58: SCR-W14, SCR-M10, SCR-M11 | J58: CUS | K58: ?trangThai&tuNgay&denNgay&page&pageSize | L58: PagedResult<LichHenListItemDto> | M58: 200 | O58: Đề xuất
A59: SPA-API-055 | B59: BKG | C59: Đặt lịch & lịch hẹn | D59: Chi tiết lịch hẹn của tôi | E59: GET | F59: /api/v1/me/appointments/{id} | G59: Query | H59: UC-SPA-16 | I59: SCR-W15, SCR-M12 | J59: CUS | K59: — | L59: LichHenDetailDto | M59: 200 | O59: Đề xuất
A60: SPA-API-056 | B60: BKG | C60: Đặt lịch & lịch hẹn | D60: Đổi lịch (khách) | E60: POST | F60: /api/v1/me/appointments/{id}/reschedule | G60: Command | H60: UC-SPA-16 | I60: SCR-W15, SCR-M12 | J60: CUS | K60: {ngay, gioBatDau, idNhanVien} | L60: LichHenDto | M60: 200 | N60: 409 SLOT_UNAVAILABLE; 400 CHANGE_WINDOW_PASSED | O60: Đề xuất
A61: SPA-API-057 | B61: BKG | C61: Đặt lịch & lịch hẹn | D61: Hủy lịch (khách) | E61: POST | F61: /api/v1/me/appointments/{id}/cancel | G61: Command | H61: UC-SPA-16 | I61: SCR-W14, SCR-W15, SCR-M12 | J61: CUS | K61: {lyDo} | L61: LichHenDto | M61: 200 | N61: Trả lại quyền sử dụng / buổi | O61: Đề xuất
A62: SPA-API-058 | B62: BKG | C62: Đặt lịch & lịch hẹn | D62: Danh sách lịch hẹn (chủ spa) | E62: GET | F62: /api/v1/appointments | G62: Query | H62: UC-SPA-17 | I62: SCR-W34, SCR-M31 | J62: OWN | K62: ?tuNgay&denNgay&idNhanVien&trangThai&q&view=list|calendar | L62: PagedResult<LichHenListItemDto> | CalendarDto | M62: 200 | O62: Đề xuất
A63: SPA-API-059 | B63: BKG | C63: Đặt lịch & lịch hẹn | D63: Chi tiết lịch hẹn | E63: GET | F63: /api/v1/appointments/{id} | G63: Query | H63: UC-SPA-17, UC-SPA-25 | I63: SCR-W27, SCR-W34, SCR-M26, SCR-M31 | J63: OWN, STF (được phân công) | K63: — | L63: LichHenDetailDto{khachHang, diUng[], dichVu, buoi?, hoSoDa?} | M63: 200 | O63: Đề xuất
A64: SPA-API-060 | B64: BKG | C64: Đặt lịch & lịch hẹn | D64: Xác nhận lịch hẹn | E64: POST | F64: /api/v1/appointments/{id}/confirm | G64: Command | H64: UC-SPA-17 | I64: SCR-W34, SCR-M31 | J64: OWN | K64: — | L64: LichHenDto | M64: 200 | N64: Chỉ khi dùng trạng thái ChoXacNhan (cần chốt) | O64: Đề xuất
A65: SPA-API-061 | B65: BKG | C65: Đặt lịch & lịch hẹn | D65: Đổi thời gian (chủ spa) | E65: POST | F65: /api/v1/appointments/{id}/reschedule | G65: Command | H65: UC-SPA-17 | I65: SCR-W34 | J65: OWN | K65: {ngay, gioBatDau} | L65: LichHenDto | M65: 200 | N65: E1 409 SLOT_UNAVAILABLE | O65: Đề xuất
A66: SPA-API-062 | B66: BKG | C66: Đặt lịch & lịch hẹn | D66: Đổi nhân viên | E66: POST | F66: /api/v1/appointments/{id}/assign-staff | G66: Command | H66: UC-SPA-17 | I66: SCR-W34, SCR-M31 | J66: OWN | K66: {idNhanVien} | L66: LichHenDto | M66: 200 | N66: 400 STAFF_NOT_QUALIFIED; 409 STAFF_BUSY | O66: Đề xuất
A67: SPA-API-063 | B67: BKG | C67: Đặt lịch & lịch hẹn | D67: Hủy lịch (chủ spa) | E67: POST | F67: /api/v1/appointments/{id}/cancel | G67: Command | H67: UC-SPA-17 | I67: SCR-W34, SCR-M31 | J67: OWN | K67: {lyDo} | L67: LichHenDto | M67: 200 | O67: Đề xuất
A68: SPA-API-064 | B68: BKG | C68: Đặt lịch & lịch hẹn | D68: Ghi nhận khách không đến | E68: POST | F68: /api/v1/appointments/{id}/no-show | G68: Command | H68: UC-SPA-17 | I68: SCR-W34 | J68: OWN | K68: {ghiChu} | L68: LichHenDto | M68: 200 | N68: Chỉ sau giờ bắt đầu | O68: Đề xuất
A69: SPA-API-065 | B69: TRT | C69: Quyền sử dụng & liệu trình | D69: Dịch vụ và gói đã mua | E69: GET | F69: /api/v1/me/purchases | G69: Query | H69: UC-SPA-18 | I69: SCR-W16, SCR-M10, SCR-M14 | J69: CUS | K69: ?loai=DichVu|Goi&trangThai | L69: {dichVu[DichVuKhachHangDto], goi[GoiKhachHangDto]} | M69: 200 | O69: Đề xuất
A70: SPA-API-066 | B70: TRT | C70: Quyền sử dụng & liệu trình | D70: Chi tiết dịch vụ đã mua | E70: GET | F70: /api/v1/me/purchases/services/{id} | G70: Query | H70: UC-SPA-18 | I70: SCR-W16, SCR-M14 | J70: CUS | K70: — | L70: DichVuKhachHangDto{…, donHangNguon} | M70: 200 | N70: A3 xem đơn nguồn | O70: Đề xuất
A71: SPA-API-067 | B71: TRT | C71: Quyền sử dụng & liệu trình | D71: Chi tiết gói đã mua | E71: GET | F71: /api/v1/me/purchases/packages/{id} | G71: Query | H71: UC-SPA-18 | I71: SCR-W16, SCR-M14 | J71: CUS | K71: — | L71: GoiKhachHangDto{tongSoBuoi, soBuoiDaDung, ngayHetHan, idLieuTrinh, donHangNguon} | M71: 200 | O71: Đề xuất
A72: SPA-API-068 | B72: TRT | C72: Quyền sử dụng & liệu trình | D72: Liệu trình của tôi | E72: GET | F72: /api/v1/me/treatments | G72: Query | H72: UC-SPA-19 | I72: SCR-W17, SCR-M13 | J72: CUS | K72: ?trangThai | L72: LieuTrinhListItemDto[] | M72: 200 | O72: Đề xuất
A73: SPA-API-069 | B73: TRT | C73: Quyền sử dụng & liệu trình | D73: Chi tiết liệu trình của tôi | E73: GET | F73: /api/v1/me/treatments/{id} | G73: Query | H73: UC-SPA-19 | I73: SCR-W17, SCR-M13 | J73: CUS | K73: — | L73: LieuTrinhDetailDto{mucTieu, tienDo, buoi[{id, thuTu, tenDichVu, trangThai, lichHen?, coTheDatLich, lyDoChuaDuocDat?}]} | M73: 200 | N73: A1/A2: coTheDatLich | O73: Đề xuất
A74: SPA-API-070 | B74: TRT | C74: Quyền sử dụng & liệu trình | D74: Chi tiết buổi chăm sóc của tôi | E74: GET | F74: /api/v1/me/treatments/{id}/sessions/{sessionId} | G74: Query | H74: UC-SPA-19 | I74: SCR-W17, SCR-M13 | J74: CUS | K74: — | L74: BuoiChamSocDto | M74: 200 | O74: Đề xuất
A75: SPA-API-071 | B75: TRT | C75: Quyền sử dụng & liệu trình | D75: Lịch sử sử dụng dịch vụ | E75: GET | F75: /api/v1/me/service-history | G75: Query | H75: UC-SPA-20 | I75: SCR-W18, SCR-M21 | J75: CUS | K75: ?tuNgay&denNgay&idDichVu&page&pageSize | L75: PagedResult<LichSuSuDungDto> | M75: 200 | N75: Lịch hẹn HoanThanh | O75: Đề xuất
A76: SPA-API-072 | B76: TRT | C76: Quyền sử dụng & liệu trình | D76: Chi tiết một lần sử dụng | E76: GET | F76: /api/v1/me/service-history/{idLichHen} | G76: Query | H76: UC-SPA-20 | I76: SCR-W18, SCR-M21 | J76: CUS | K76: — | L76: LichSuSuDungDetailDto{nhanVien, ketQua} | M76: 200 | O76: Đề xuất
A77: SPA-API-073 | B77: TRT | C77: Quyền sử dụng & liệu trình | D77: Danh sách liệu trình (quản lý) | E77: GET | F77: /api/v1/treatments | G77: Query | H77: UC-SPA-21 | I77: SCR-W29, SCR-W36 | J77: OWN, STF (phụ trách) | K77: ?idKhachHang&trangThai&idNhanVienPhuTrach&page&pageSize | L77: PagedResult<LieuTrinhListItemDto> | M77: 200 | O77: Đề xuất
A78: SPA-API-074 | B78: TRT | C78: Quyền sử dụng & liệu trình | D78: Chi tiết liệu trình (quản lý) | E78: GET | F78: /api/v1/treatments/{id} | G78: Query | H78: UC-SPA-21 | I78: SCR-W29, SCR-W36 | J78: OWN, STF (phụ trách) | K78: — | L78: LieuTrinhDetailDto + hoSoDa[] + lichSuChamSoc[] | M78: 200 | O78: Đề xuất
A79: SPA-API-075 | B79: TRT | C79: Quyền sử dụng & liệu trình | D79: Cập nhật liệu trình | E79: PUT | F79: /api/v1/treatments/{id} | G79: Command | H79: UC-SPA-21 | I79: SCR-W29, SCR-W36 | J79: OWN, STF (phụ trách) | K79: {mucTieu, idNhanVienPhuTrach (OWN), ngayBatDau, ngayKetThucDuKien, ghiChu, trangThai (OWN)} | L79: LieuTrinhDetailDto | M79: 200 | O79: Đề xuất
A80: SPA-API-076 | B80: TRT | C80: Quyền sử dụng & liệu trình | D80: Cập nhật ghi chú buổi | E80: PUT | F80: /api/v1/treatments/{id}/sessions/{sessionId} | G80: Command | H80: UC-SPA-21 | I80: SCR-W29, SCR-W36 | J80: OWN, STF (phụ trách) | K80: {ghiChu} | L80: BuoiChamSocDto | M80: 200 | N80: Không sửa buổi đã hoàn thành (trừ chủ spa) | O80: Đề xuất
A81: SPA-API-077 | B81: TRT | C81: Quyền sử dụng & liệu trình | D81: Lịch sử chăm sóc của một khách | E81: GET | F81: /api/v1/customers/{id}/care-history | G81: Query | H81: UC-SPA-21, UC-SPA-26 | I81: SCR-W28, SCR-W36 | J81: OWN, STF (đã/đang chăm sóc khách) | K81: ?page&pageSize | L81: PagedResult<LanChamSocDto{lichHen, nhanVien, hoSoDa?}> | M81: 200 | O81: Đề xuất
A82: SPA-API-078 | B82: STF | C82: Nhân viên & lịch làm việc | D82: Danh sách nhân viên | E82: GET | F82: /api/v1/staff | G82: Query | H82: UC-SPA-22, UC-SPA-15 | I82: SCR-W33, SCR-W13, SCR-M18, SCR-M30 | J82: ALL (khách: tên, chuyên môn) | K82: ?q&trangThai&idDichVu&page&pageSize | L82: PagedResult<NhanVienListItemDto> | M82: 200 | O82: Đề xuất
A83: SPA-API-079 | B83: STF | C83: Nhân viên & lịch làm việc | D83: Chi tiết nhân viên | E83: GET | F83: /api/v1/staff/{id} | G83: Query | H83: UC-SPA-22 | I83: SCR-W33 | J83: OWN | K83: — | L83: NhanVienDetailDto{…, dichVu[]} | M83: 200 | O83: Đề xuất
A84: SPA-API-080 | B84: STF | C84: Nhân viên & lịch làm việc | D84: Thêm nhân viên | E84: POST | F84: /api/v1/staff | G84: Command | H84: UC-SPA-22 | I84: SCR-W33 | J84: OWN | K84: {hoTen, email, sdt, ngayVaoLam, chuyenMon, idDichVu[]} | L84: NhanVienDetailDto + matKhauTam | M84: 201 | N84: Tạo NguoiDung(NhanVien) + NhanVien + NhanVien_DichVu | O84: Đề xuất
A85: SPA-API-081 | B85: STF | C85: Nhân viên & lịch làm việc | D85: Sửa nhân viên | E85: PUT | F85: /api/v1/staff/{id} | G85: Command | H85: UC-SPA-22 | I85: SCR-W33 | J85: OWN | K85: {hoTen, sdt, chuyenMon} | L85: NhanVienDetailDto | M85: 200 | O85: Đề xuất
A86: SPA-API-082 | B86: STF | C86: Nhân viên & lịch làm việc | D86: Ghi nhận nghỉ việc | E86: POST | F86: /api/v1/staff/{id}/resign | G86: Command | H86: UC-SPA-22 | I86: SCR-W33 | J86: OWN | K86: {ngayNghiViec} | L86: NhanVienDetailDto + lichHenCanPhanCongLai[] | M86: 200 | N86: NgayNghiViec ≥ NgayVaoLam | O86: Đề xuất
A87: SPA-API-083 | B87: STF | C87: Nhân viên & lịch làm việc | D87: Cập nhật dịch vụ nhân viên thực hiện | E87: PUT | F87: /api/v1/staff/{id}/services | G87: Command | H87: UC-SPA-22 | I87: SCR-W33 | J87: OWN | K87: {idDichVu[]} | L87: — | M87: 204 | O87: Đề xuất
A88: SPA-API-084 | B88: STF | C88: Nhân viên & lịch làm việc | D88: Lịch làm việc (chủ spa) | E88: GET | F88: /api/v1/work-schedules | G88: Query | H88: UC-SPA-23 | I88: SCR-W33, SCR-M30 | J88: OWN | K88: ?idNhanVien&tuNgay&denNgay | L88: LichLamViecDto[] | M88: 200 | O88: Đề xuất
A89: SPA-API-085 | B89: STF | C89: Nhân viên & lịch làm việc | D89: Thêm ca làm | E89: POST | F89: /api/v1/work-schedules | G89: Command | H89: UC-SPA-23 | I89: SCR-W33 | J89: OWN | K89: {idNhanVien, ngay, gioBatDau, gioKetThuc} | L89: LichLamViecDto | M89: 201 | N89: E1 409 SHIFT_CONFLICT | O89: Đề xuất
A90: SPA-API-086 | B90: STF | C90: Nhân viên & lịch làm việc | D90: Sửa ca làm | E90: PUT | F90: /api/v1/work-schedules/{id} | G90: Command | H90: UC-SPA-23 | I90: SCR-W33 | J90: OWN | K90: {ngay, gioBatDau, gioKetThuc} | L90: LichLamViecDto | M90: 200 | N90: 409 SHIFT_HAS_APPOINTMENTS | O90: Đề xuất
A91: SPA-API-087 | B91: STF | C91: Nhân viên & lịch làm việc | D91: Hủy ca làm | E91: PATCH | F91: /api/v1/work-schedules/{id}/status | G91: Command | H91: UC-SPA-23 | I91: SCR-W33 | J91: OWN | K91: {trangThai: DaHuy} | L91: — | M91: 204 | N91: ĐX; 409 nếu còn lịch hẹn trong ca | O91: Đề xuất
A92: SPA-API-088 | B92: STF | C92: Nhân viên & lịch làm việc | D92: Lịch làm việc của tôi | E92: GET | F92: /api/v1/me/work-schedules | G92: Query | H92: UC-SPA-24 | I92: SCR-W24, SCR-W25, SCR-M23, SCR-M24 | J92: STF | K92: ?tuNgay&denNgay | L92: LichLamViecDto[] | M92: 200 | N92: A1 rỗng → 'chưa có ca làm' | O92: Đề xuất
A93: SPA-API-089 | B93: STF | C93: Nhân viên & lịch làm việc | D93: Chi tiết ca của tôi | E93: GET | F93: /api/v1/me/work-schedules/{id} | G93: Query | H93: UC-SPA-24 | I93: SCR-W25, SCR-M24 | J93: STF | K93: — | L93: LichLamViecDto + lichHenTrongCa[] | M93: 200 | O93: Đề xuất
A94: SPA-API-090 | B94: STF | C94: Nhân viên & lịch làm việc | D94: Lịch hẹn được phân công | E94: GET | F94: /api/v1/me/assigned-appointments | G94: Query | H94: UC-SPA-25 | I94: SCR-W24, SCR-W26, SCR-M23, SCR-M25 | J94: STF | K94: ?ngay&trangThai | L94: LichHenListItemDto[] | M94: 200 | O94: Đề xuất
A95: SPA-API-091 | B95: CARE | C95: Chăm sóc & hồ sơ da | D95: Lịch sử khách đã chăm sóc (của tôi) | E95: GET | F95: /api/v1/me/care-history | G95: Query | H95: UC-SPA-26, UC-SPA-27 | I95: SCR-W28, SCR-M27 | J95: STF | K95: ?q (tên/SĐT khách)&tuNgay&denNgay&page&pageSize | L95: PagedResult<LanChamSocDto> | M95: 200 | N95: Chỉ lịch hẹn của chính nhân viên | O95: Đề xuất
A96: SPA-API-092 | B96: CARE | C96: Chăm sóc & hồ sơ da | D96: Xem hồ sơ da của lần chăm sóc | E96: GET | F96: /api/v1/appointments/{id}/skin-profile | G96: Query | H96: UC-SPA-27, UC-SPA-26 | I96: SCR-W27, SCR-W28, SCR-M26 | J96: STF, OWN | K96: — | L96: HoSoDaDto | 404 | M96: 200 | O96: Đề xuất
A97: SPA-API-093 | B97: CARE | C97: Chăm sóc & hồ sơ da | D97: Lập hồ sơ da | E97: POST | F97: /api/v1/appointments/{id}/skin-profile | G97: Command | H97: UC-SPA-27 | I97: SCR-W27, SCR-W28, SCR-M26 | J97: STF | K97: {loaiDa, vanDeChinh, sanPhamDangDung, mucTieuChamSoc, deXuatDieuTri, ghiChu} | L97: HoSoDaDto | M97: 201 | N97: 409 nếu lịch hẹn đã có hồ sơ (IdLichHen unique) | O97: Đề xuất
A98: SPA-API-094 | B98: CARE | C98: Chăm sóc & hồ sơ da | D98: Cập nhật hồ sơ da | E98: PUT | F98: /api/v1/skin-profiles/{id} | G98: Command | H98: UC-SPA-27 | I98: SCR-W27, SCR-W28, SCR-M26 | J98: STF | K98: như lập | L98: HoSoDaDto | M98: 200 | O98: Đề xuất
A99: SPA-API-095 | B99: CARE | C99: Chăm sóc & hồ sơ da | D99: Dị ứng của khách | E99: GET | F99: /api/v1/customers/{id}/allergies | G99: Query | H99: UC-SPA-27, UC-SPA-25 | I99: SCR-W27, SCR-M26 | J99: STF, OWN | K99: — | L99: DiUngDto[] | M99: 200 | O99: Đề xuất
A100: SPA-API-096 | B100: CARE | C100: Chăm sóc & hồ sơ da | D100: Ghi nhận dị ứng | E100: POST | F100: /api/v1/customers/{id}/allergies | G100: Command | H100: UC-SPA-27 | I100: SCR-W27, SCR-M26 | J100: STF | K100: {tacNhan, mucDo, ghiChu} | L100: DiUngDto | M100: 201 | O100: Đề xuất
...

Sheet 13_API_Mau
A1: 13 · MẪU REQUEST / RESPONSE
A2: JSON minh họa
A3: ID minh họa; DATETIME dạng UTC.
A4: API ID | B4: Mục đích | C4: Request | D4: Response | E4: Lưu ý
A5: SPA-API-051 | B5: Tìm giờ trống | C5: GET /api/v1/availability?idDichVu=3f2a…&ngay=2026-11-07 | D5: { "success": true, "data": { "ngay": "2026-11-07", "nhanVien": [ {"id": "7b1e…", "hoTen": "Trần Thị B", "khungGio": [{"gioBatDau": "09:00", "gioKetThuc": "10:00"}, {"gioBatDau": "10:15", "gioKetThuc": "11:15"}]}, {"id": "91ac…", "hoTen": "Lê Thị C", "khungGio": [{"gioBatDau": "13:30", "gioKetThuc": "14:30"}]} ] }, "errors": [], "traceId": "00-…" } | E5: Giờ theo Asia/Ho_Chi_Minh vì LichHen lưu NgayHen + GioBatDau (TIME)
A6: SPA-API-052 | B6: Đặt ngay (luồng 1) | C6: POST /api/v1/me/appointments/book-now Idempotency-Key: 6b1c… { "idDichVu": "3f2a…", "ngay": "2026-11-07", "gioBatDau": "09:00", "idNhanVien": "7b1e…", "maKhuyenMai": "KHAIXUAN20" } | D6: { "success": true, "message": "Đã giữ chỗ, vui lòng thanh toán trước 09:15", "data": {"idLichHen": "a91e…", "trangThai": "GiuCho", "giuChoDen": "2026-11-05T02:15:00Z", "idDonHang": "c77d…"} } | E6: Tạo DonHang + ChiTietDonHang + LichHen(IdChiTietDonHang, GiuChoDen) trong 1 giao dịch
A7: SPA-API-053 | B7: Đặt lịch buổi trong gói (luồng 2) | C7: { "idBuoiChamSoc": "e3a4…", "ngay": "2026-11-14", "gioBatDau": "15:00", "idNhanVien": "7b1e…" } | D7: {"success": true, "data": {"id": "…", "trangThai": "DaXacNhan", "ngayHen": "2026-11-14", "gioBatDau": "15:00", "gioKetThuc": "16:00"}} | E7: Kiểm tra GoiKhachHang còn hạn, BuoiChamSoc ChuaDat, ThuTu, KhoangCachNgayToiThieu
A8: SPA-API-036 | B8: Tạo đơn từ giỏ | C8: POST /api/v1/me/orders {"nguon": "GioHang", "maKhuyenMai": null} | D8: { "success": true, "data": { "id": "c77d…", "maDonHang": "DH261025-0007", "chiTiet": [{"tenSanPham": "Liệu trình trị mụn 10 buổi", "donGia": 4500000, "tienGiam": 0, "thanhTien": 4500000}], "tongTienHang": 4500000, "tongGiamGia": 0, "tongThanhToan": 4500000, "trangThai": "ChoThanhToan", "hetHanThanhToanLuc": "2026-10-25T03:15:00Z" } } | E8: Giá lấy từ DB tại thời điểm tạo đơn, không dùng DonGia trong giỏ
A9: SPA-API-037 | B9: Tạo lần thanh toán | C9: POST /api/v1/me/orders/c77d…/payments {"returnUrl": "https://…/payment/result"} | D9: {"success": true, "data": {"idThanhToan": "…", "paymentUrl": "https://sandbox.<cong-thanh-toan>/…", "thoiGianHetHan": "2026-10-25T03:15:00Z"}} | E9: MaYeuCau unique; returnUrl phải thuộc whitelist
A10: SPA-API-097 | B10: Xác nhận hoàn thành | C10: POST /api/v1/appointments/a91e…/complete {"ketQua": "Da giảm dầu, còn 2 nốt mụn viêm vùng cằm"} | D10: {"success": true, "data": {"trangThai": "HoanThanh", "tienDoGoi": {"soBuoiDaDung": 4, "tongSoBuoi": 10}}} | E10: Chỉ nhân viên được phân công
A11: SPA-API-106 | B11: Hỏi trợ lý AI | C11: POST /api/v1/ai/chat {"cauHoi": "Da mình dầu, hay nổi mụn ẩn, nên làm gói nào?"} | D11: { "success": true, "data": { "cauTraLoi": "Với da dầu và mụn ẩn, bạn có thể tham khảo… (Lưu ý: đây là tư vấn dịch vụ, không thay thế chẩn đoán của bác sĩ da liễu.)", "goiY": [{"loai": "Goi", "id": "9a1f…", "ten": "Liệu trình trị mụn 10 buổi", "link": "/packages/9a1f…"}] } } | E11: goiY chỉ chứa sản phẩm có thật đang DangBan
A12: SPA-API-107 | B12: Báo cáo doanh thu theo quý | C12: GET /api/v1/reports/revenue?tuNgay=2026-01-01&denNgay=2026-12-31&nhomTheo=quy | D12: {"success": true, "data": {"tong": 0, "ky": [{"nhan": "Q1/2026", "doanhThu": 120500000, "soDon": 87}, …]}} | E12: Tính theo ThoiGianThanhToan giờ VN
A13: — | B13: Lỗi nghiệp vụ (envelope chung) | C13: — | D13: { "success": false, "message": "Khung giờ đã có người đặt, vui lòng chọn giờ khác", "data": null, "errors": [{"code": "SLOT_UNAVAILABLE", "field": "gioBatDau", "message": "…"}], "traceId": "00-4bf9…" } | E13: Khớp exception middleware đã có trong foundation

Sheet 14_AI_Tools
A1: 14 · DỮ LIỆU / TOOL CHO TRỢ LÝ AI
A2: UC-SPA-32 bước 4 'chuẩn bị thông tin dịch vụ liên quan' · BR-AI-01..04
A3: Đề xuất: backend tự truy vấn dữ liệu (hoặc định nghĩa tool cho LLM); IdKhachHang luôn lấy từ JWT.
A4: Tool | B4: Mục đích | C4: Tham số | D4: Kết quả | E4: Ai dùng | F4: Bảng
A5: tim_dich_vu | B5: Tìm dịch vụ/gói đang bán theo nhu cầu, ngân sách | C5: {tuKhoa, loai?: DichVu|Goi, giaToiDa?} | D5: ≤ 5 sản phẩm {id, ten, gia, thoiLuong|tongSoBuoi, moTaNgan} | E5: GUEST, CUS | F5: DichVu, GoiDichVu, GoiDichVuChiTiet
A6: chi_tiet_san_pham | B6: Chi tiết dịch vụ/gói | C6: {loai, id} | D6: Mô tả, giá, dịch vụ thành phần, đánh giá TB | E6: GUEST, CUS | F6: DichVu, GoiDichVu, DanhGia
A7: tim_gio_trong | B7: Giờ trống cho dịch vụ trong ngày | C7: {idDichVu, ngay} | D7: Dùng lại SPA-API-051 | E7: GUEST, CUS | F7: LichLamViec, LichHen, NhanVien_DichVu
A8: lich_hen_cua_toi | B8: Lịch hẹn sắp tới của khách | C8: {} — IdKhachHang lấy từ JWT | D8: LichHenListItemDto[] | E8: CUS | F8: LichHen
A9: so_buoi_con_lai | B9: Số buổi còn lại, hạn dùng các gói | C9: {} — IdKhachHang lấy từ JWT | D9: GoiKhachHangDto[] | E9: CUS | F9: GoiKhachHang, LieuTrinh

Sheet 15_Mapping_UC
A1: 15 · TRUY VẾT USE CASE → MÀN HÌNH → API → BẢNG
A2: Sinh tự động từ 11_Man_hinh, 12_API_Endpoints, 17_DB_Bang
A3: Độ phủ = Đủ khi UC có ít nhất 1 màn hình và 1 API.
A4: Mã UC | B4: Tên UC | C4: Nghiệp vụ | D4: Sprint | E4: Ưu tiên | F4: Màn hình | G4: Route FE | H4: Số API | I4: API IDs | J4: Bảng chính | K4: Bảng liên quan | L4: Độ phủ
A5: UC-SPA-01 | B5: Đăng ký tài khoản | C5: Tài khoản & xác thực | D5: Sprint 1 | E5: P0 | F5: SCR-M07, SCR-W08 | G5: app/(public)/register.tsx; /register | H5: 2 | I5: SPA-API-001, SPA-API-002 | J5: NguoiDung | K5: KhachHang, MaOtp | L5: Đủ
A6: UC-SPA-02 | B6: Đăng nhập | C6: Tài khoản & xác thực | D6: Sprint 1 | E6: P0 | F6: SCR-M06, SCR-M15, SCR-W07, SCR-W22 | G6: app/(public)/login.tsx; app/(customer)/profile.tsx; /login; /account (staff, owner: dùng chung) | H6: 3 | I6: SPA-API-003, SPA-API-004, SPA-API-005 | J6: NguoiDung | K6: RefreshToken | L6: Đủ
A7: UC-SPA-03 | B7: Quên mật khẩu | C7: Tài khoản & xác thực | D7: Sprint 1 | E7: P1 | F7: SCR-M08, SCR-W09 | G7: app/(public)/forgot-password.tsx; /forgot-password | H7: 3 | I7: SPA-API-006, SPA-API-007, SPA-API-008 | J7: NguoiDung | K7: MaOtp, RefreshToken | L7: Đủ
A8: UC-SPA-04 | B8: Cập nhật thông tin tài khoản | C8: Tài khoản & xác thực | D8: Sprint 1 | E8: P1 | F8: SCR-M15, SCR-W22 | G8: app/(customer)/profile.tsx; /account (staff, owner: dùng chung) | H8: 4 | I8: SPA-API-009, SPA-API-010, SPA-API-011, SPA-API-012 | J8: NguoiDung | K8: KhachHang, NhanVien, ChuSpa | L8: Đủ
A9: UC-SPA-05 | B9: Quản lý tài khoản người dùng | C9: Tài khoản & xác thực | D9: Sprint 2 | E9: P1 | F9: SCR-W40 | G9: /owner/accounts | H9: 4 | I9: SPA-API-013, SPA-API-014, SPA-API-015, SPA-API-016 | J9: NguoiDung | K9: KhachHang, NhanVien, RefreshToken | L9: Đủ
A10: UC-SPA-06 | B10: Tìm kiếm dịch vụ và gói dịch vụ | C10: Dịch vụ & gói dịch vụ | D10: Sprint 1 | E10: P0 | F10: SCR-M01, SCR-M02, SCR-M04, SCR-M29, SCR-W01, SCR-W02, SCR-W04, SCR-W31, SCR-W32 | G10: app/index.tsx; app/(public)/services/index.tsx; app/(public)/packages/index.tsx; app/(owner)/services.tsx; /; /services; /packages; /owner/services; /owner/packages | H10: 4 | I10: SPA-API-017, SPA-API-019, SPA-API-021, SPA-API-022 | J10: DichVu | K10: GoiDichVu, GoiDichVuChiTiet, DichVuKhachHang, GoiKhachHang | L10: Đủ
A11: UC-SPA-07 | B11: Xem chi tiết dịch vụ, gói dịch vụ | C11: Dịch vụ & gói dịch vụ | D11: Sprint 1 | E11: P0 | F11: SCR-M03, SCR-M05, SCR-W03, SCR-W05 | G11: app/(public)/services/[serviceId].tsx; app/(public)/packages/[packageId].tsx; /services/:serviceId; /packages/:packageId | H11: 2 | I11: SPA-API-018, SPA-API-020 | J11: DichVu | K11: GoiDichVu, GoiDichVuChiTiet, DanhGia | L11: Đủ
A12: UC-SPA-08 | B12: Xem thông tin giới thiệu về spa | C12: Dịch vụ & gói dịch vụ | D12: Sprint 1 | E12: P2 | F12: SCR-M09, SCR-W06 | G12: app/(public)/about.tsx; /about | H12: 1 | I12: SPA-API-023 | J12: ThongTinSpa | L12: Đủ
A13: UC-SPA-09 | B13: Quản lý dịch vụ và gói dịch vụ | C13: Dịch vụ & gói dịch vụ | D13: Sprint 1 | E13: P0 | F13: SCR-M01, SCR-M02, SCR-M04, SCR-M29, SCR-W01, SCR-W02, SCR-W04, SCR-W31, SCR-W32 | G13: app/index.tsx; app/(public)/services/index.tsx; app/(public)/packages/index.tsx; app/(owner)/services.tsx; /; /services; /packages; /owner/services; /owner/packages | H13: 9 | I13: SPA-API-017, SPA-API-019, SPA-API-024, SPA-API-025, SPA-API-026, SPA-API-027, SPA-API-028, SPA-API-029, SPA-API-030 | J13: DichVu | K13: GoiDichVu, GoiDichVuChiTiet | L13: Đủ
A14: UC-SPA-10 | B14: Quản lý giỏ hàng | C14: Giỏ hàng, đơn hàng & thanh toán | D14: Sprint 2 | E14: P1 | F14: SCR-M02, SCR-M03, SCR-M05, SCR-M19, SCR-W02, SCR-W03, SCR-W04, SCR-W05, SCR-W10 | G14: app/(public)/services/index.tsx; app/(public)/services/[serviceId].tsx; app/(public)/packages/[packageId].tsx; app/(customer)/cart.tsx, checkout.tsx; /services; /services/:serviceId; /packages; /packages/:packageId; /cart | H14: 3 | I14: SPA-API-031, SPA-API-032, SPA-API-033 | J14: ChiTietGioHang | K14: GioHang, DichVu, GoiDichVu | L14: Đủ
A15: UC-SPA-11 | B15: Thanh toán trực tuyến | C15: Giỏ hàng, đơn hàng & thanh toán | D15: Sprint 2 | E15: P0 | F15: SCR-M19, SCR-M20, SCR-W11, SCR-W12, SCR-W19 | G15: app/(customer)/cart.tsx, checkout.tsx; app/(customer)/orders/index.tsx, [orderId].tsx; /checkout?orderId=; /payment/result; /my-orders, /my-orders/:orderId | H15: 7 | I15: SPA-API-034, SPA-API-035, SPA-API-036, SPA-API-037, SPA-API-038, SPA-API-039, SPA-API-041 | J15: ThanhToan | K15: DonHang, ChiTietDonHang, KhuyenMai, ApDungKhuyenMai, DichVuKhachHang, GoiKhachHang, LieuTrinh, BuoiChamSoc, LichHen, ChiTietGioHang | L15: Đủ
A16: UC-SPA-12 | B16: Quản lý đơn hàng đã mua | C16: Giỏ hàng, đơn hàng & thanh toán | D16: Sprint 2 | E16: P1 | F16: SCR-M19, SCR-M20, SCR-W11, SCR-W12, SCR-W19 | G16: app/(customer)/cart.tsx, checkout.tsx; app/(customer)/orders/index.tsx, [orderId].tsx; /checkout?orderId=; /payment/result; /my-orders, /my-orders/:orderId | H16: 4 | I16: SPA-API-037, SPA-API-040, SPA-API-041, SPA-API-042 | J16: DonHang | K16: ChiTietDonHang, ThanhToan, LichHen | L16: Đủ
A17: UC-SPA-13 | B17: Quản lý đơn hàng | C17: Giỏ hàng, đơn hàng & thanh toán | D17: Sprint 2 | E17: P1 | F17: SCR-W37 | G17: /owner/orders (repo hiện là /owner/payments) | H17: 3 | I17: SPA-API-043, SPA-API-044, SPA-API-045 | J17: DonHang | K17: ChiTietDonHang, ThanhToan, LichHen | L17: Đủ
A18: UC-SPA-14 | B18: Quản lý chương trình khuyến mãi | C18: Khuyến mãi | D18: Sprint 2 | E18: P1 | F18: SCR-W35 | G18: /owner/promotions | H18: 5 | I18: SPA-API-046, SPA-API-047, SPA-API-048, SPA-API-049, SPA-API-050 | J18: KhuyenMai | K18: ApDungKhuyenMai | L18: Đủ
A19: UC-SPA-15 | B19: Đặt lịch hẹn | C19: Đặt lịch & lịch hẹn | D19: Sprint 1 | E19: P0 | F19: SCR-M12, SCR-M18, SCR-M30, SCR-W13, SCR-W15, SCR-W33, SCR-W34 | G19: app/(customer)/bookings/[bookingId].tsx; app/(customer)/booking/new.tsx; app/(owner)/staff.tsx; /booking/new?serviceId= | ?dichVuKhachHangId= | ?buoiChamSocId=; /my-bookings/:bookingId; /owner/staff; /owner/bookings | H19: 4 | I19: SPA-API-051, SPA-API-052, SPA-API-053, SPA-API-078 | J19: LichHen | K19: LichLamViec, NhanVien_DichVu, DichVu, DonHang, ChiTietDonHang, DichVuKhachHang, BuoiChamSoc, GoiKhachHang, GoiDichVuChiTiet, ThongBao | L19: Đủ
A20: UC-SPA-16 | B20: Xem và quản lý lịch hẹn | C20: Đặt lịch & lịch hẹn | D20: Sprint 2 | E20: P1 | F20: SCR-M10, SCR-M11, SCR-M12, SCR-M18, SCR-W13, SCR-W14, SCR-W15, SCR-W34 | G20: app/(customer)/home.tsx; app/(customer)/bookings/index.tsx; app/(customer)/bookings/[bookingId].tsx; app/(customer)/booking/new.tsx; /booking/new?serviceId= | ?dichVuKhachHangId= | ?buoiChamSocId=; /my-bookings; /my-bookings/:bookingId; /owner/bookings | H20: 5 | I20: SPA-API-051, SPA-API-054, SPA-API-055, SPA-API-056, SPA-API-057 | J20: LichHen | K20: LichLamViec, DichVuKhachHang, BuoiChamSoc | L20: Đủ
A21: UC-SPA-17 | B21: Quản lý lịch hẹn | C21: Đặt lịch & lịch hẹn | D21: Sprint 1 | E21: P0 | F21: SCR-M12, SCR-M18, SCR-M26, SCR-M31, SCR-W13, SCR-W15, SCR-W27, SCR-W34 | G21: app/(customer)/bookings/[bookingId].tsx; app/(customer)/booking/new.tsx; app/(staff)/bookings/[bookingId].tsx; app/(owner)/bookings.tsx; /booking/new?serviceId= | ?dichVuKhachHangId= | ?buoiChamSocId=; /my-bookings/:bookingId; /staff/bookings/:bookingId; /owner/bookings | H21: 8 | I21: SPA-API-051, SPA-API-058, SPA-API-059, SPA-API-060, SPA-API-061, SPA-API-062, SPA-API-063, SPA-API-064 | J21: LichHen | K21: LichLamViec, NhanVien_DichVu, NhanVien | L21: Đủ
A22: UC-SPA-18 | B22: Xem dịch vụ và gói đã mua | C22: Quyền sử dụng & liệu trình | D22: Sprint 2 | E22: P0 | F22: SCR-M10, SCR-M14, SCR-M18, SCR-W13, SCR-W16 | G22: app/(customer)/home.tsx; app/(customer)/packages/index.tsx; app/(customer)/booking/new.tsx; /booking/new?serviceId= | ?dichVuKhachHangId= | ?buoiChamSocId=; /my-packages | H22: 4 | I22: SPA-API-053, SPA-API-065, SPA-API-066, SPA-API-067 | J22: DichVuKhachHang | K22: GoiKhachHang, ChiTietDonHang, DonHang | L22: Đủ
A23: UC-SPA-19 | B23: Theo dõi liệu trình chăm sóc da | C23: Quyền sử dụng & liệu trình | D23: Sprint 2 | E23: P0 | F23: SCR-M13, SCR-M18, SCR-W13, SCR-W17 | G23: app/(customer)/treatments/index.tsx; app/(customer)/booking/new.tsx; /booking/new?serviceId= | ?dichVuKhachHangId= | ?buoiChamSocId=; /my-treatment-plans, /my-treatment-plans/:id | H23: 4 | I23: SPA-API-053, SPA-API-068, SPA-API-069, SPA-API-070 | J23: LieuTrinh | K23: BuoiChamSoc, GoiKhachHang, LichHen | L23: Đủ
A24: UC-SPA-20 | B24: Xem lịch sử sử dụng dịch vụ | C24: Quyền sử dụng & liệu trình | D24: Sprint 2 | E24: P1 | F24: SCR-M21, SCR-W18 | G24: app/(customer)/history.tsx; /my-history | H24: 2 | I24: SPA-API-071, SPA-API-072 | J24: LichHen | K24: DichVu, NhanVien, BuoiChamSoc | L24: Đủ
... A27: UC-SPA-23 | B27: Phân công lịch làm việc cho nhân viên | C27: Nhân viên & lịch làm việc | D27: Sprint 1 | E27: P0 | F27: SCR-M30, SCR-W33 | G27: app/(owner)/staff.tsx; /owner/staff | H27: 4 | I27: SPA-API-084, SPA-API-085, SPA-API-086, SPA-API-087 | J27: LichLamViec | K27: NhanVien, LichHen | L27: Đủ
A28: UC-SPA-24 | B28: Xem lịch làm việc cá nhân | C28: Nhân viên & lịch làm việc | D28: Sprint 2 | E28: P1 | F28: SCR-M23, SCR-M24, SCR-W24, SCR-W25 | G28: app/(staff)/dashboard.tsx; app/(staff)/schedule.tsx; /staff; /staff/schedule | H28: 2 | I28: SPA-API-088, SPA-API-089 | J28: LichLamViec | L28: Đủ
A29: UC-SPA-25 | B29: Xem danh sách lịch hẹn được phân công | C29: Nhân viên & lịch làm việc | D29: Sprint 2 | E29: P0 | F29: SCR-M23, SCR-M25, SCR-M26, SCR-M31, SCR-W24, SCR-W26, SCR-W27, SCR-W34 | G29: app/(staff)/dashboard.tsx; app/(staff)/bookings/index.tsx; app/(staff)/bookings/[bookingId].tsx; app/(owner)/bookings.tsx; /staff; /staff/bookings; /staff/bookings/:bookingId; /owner/bookings | H29: 3 | I29: SPA-API-059, SPA-API-090, SPA-API-095 | J29: LichHen | K29: KhachHang, NguoiDung, DichVu, DiUngKhachHang | L29: Đủ
A30: UC-SPA-26 | B30: Xem lịch sử các khách hàng đã chăm sóc | C30: Chăm sóc & hồ sơ da | D30: Sprint 2 | E30: P1 | F30: SCR-M26, SCR-M27, SCR-W27, SCR-W28, SCR-W36 | G30: app/(staff)/bookings/[bookingId].tsx; app/(staff)/care-history.tsx; /staff/bookings/:bookingId; /staff/care-history; /owner/treatments | H30: 3 | I30: SPA-API-077, SPA-API-091, SPA-API-092 | J30: LichHen | K30: HoSoDa, KhachHang | L30: Đủ
A31: UC-SPA-27 | B31: Lập và cập nhật hồ sơ da khách hàng | C31: Chăm sóc & hồ sơ da | D31: Sprint 2 | E31: P0 | F31: SCR-M26, SCR-M27, SCR-W27, SCR-W28 | G31: app/(staff)/bookings/[bookingId].tsx; app/(staff)/care-history.tsx; /staff/bookings/:bookingId; /staff/care-history | H31: 6 | I31: SPA-API-091, SPA-API-092, SPA-API-093, SPA-API-094, SPA-API-095, SPA-API-096 | J31: HoSoDa | K31: DiUngKhachHang, LichHen | L31: Đủ
A32: UC-SPA-28 | B32: Xác nhận hoàn thành buổi chăm sóc | C32: Chăm sóc & hồ sơ da | D32: Sprint 2 | E32: P0 | F32: SCR-M26, SCR-W27 | G32: app/(staff)/bookings/[bookingId].tsx; /staff/bookings/:bookingId | H32: 1 | I32: SPA-API-097 | J32: LichHen | K32: DichVuKhachHang, BuoiChamSoc, GoiKhachHang, LieuTrinh, ThongBao | L32: Đủ
A33: UC-SPA-29 | B33: Xem đánh giá dịch vụ | C33: Đánh giá | D33: Sprint 1 | E33: P1 | F33: SCR-M03, SCR-M05, SCR-W03, SCR-W05 | G33: app/(public)/services/[serviceId].tsx; app/(public)/packages/[packageId].tsx; /services/:serviceId; /packages/:packageId | H33: 2 | I33: SPA-API-098, SPA-API-099 | J33: DanhGia | K33: DichVu, GoiDichVu | L33: Đủ
A34: UC-SPA-30 | B34: Đánh giá dịch vụ | C34: Đánh giá | D34: Sprint 2 | E34: P1 | F34: SCR-M17, SCR-W18, SCR-W20 | G34: app/(customer)/reviews.tsx; /my-history; /my-reviews | H34: 2 | I34: SPA-API-100, SPA-API-101 | J34: DanhGia | K34: DichVuKhachHang, GoiKhachHang, BuoiChamSoc | L34: Đủ
A35: UC-SPA-31 | B35: Quản lý đánh giá dịch vụ | C35: Đánh giá | D35: Sprint 3 | E35: P2 | F35: SCR-W39 | G35: /owner/reviews | H35: 3 | I35: SPA-API-102, SPA-API-103, SPA-API-104 | J35: DanhGia | L35: Đủ
A36: UC-SPA-32 | B36: Trò chuyện với trợ lý AI tư vấn dịch vụ | C36: Trợ lý AI | D36: Sprint 3 | E36: P1 | F36: SCR-M16, SCR-W01, SCR-W02, SCR-W21 | G36: app/(customer)/ai-assistant.tsx; /; /services; /ai-assistant | H36: 2 | I36: SPA-API-105, SPA-API-106 | J36: LichSuTroChuyenAI | K36: DichVu, GoiDichVu, LichHen, GoiKhachHang | L36: Đủ
A37: UC-SPA-33 | B37: Xem thống kê báo cáo doanh thu | C37: Thống kê & báo cáo | D37: Sprint 3 | E37: P0 | F37: SCR-M28, SCR-M32, SCR-W30, SCR-W37, SCR-W38 | G37: app/(owner)/dashboard.tsx; app/(owner)/reports.tsx; /owner; /owner/orders (repo hiện là /owner/payments); /owner/reports | H37: 4 | I37: SPA-API-043, SPA-API-107, SPA-API-108, SPA-API-109 | J37: ThanhToan | K37: DonHang, ChiTietDonHang | L37: Đủ
A38: UC-SPA-34 | B38: Xem thông báo | C38: Thông báo | D38: Sprint 3 | E38: P2 | F38: SCR-M10, SCR-M22, SCR-W23 | G38: app/(customer)/home.tsx; app/(customer)/notifications.tsx, app/(staff)/notifications.tsx; /notifications (+ chuông ở header) | H38: 4 | I38: SPA-API-110, SPA-API-111, SPA-API-112, SPA-API-113 | J38: ThongBao | L38: Đủ

Sheet 16_Mapping_Man_hinh
A1: 16 · TRUY VẾT MÀN HÌNH → API → UC
A2: 72 màn hình
A3: API sử dụng sinh từ cột Màn hình của 12_API_Endpoints.
A4: Mã màn hình | B4: Nền tảng | C4: Tên màn hình | D4: Route | E4: Trạng thái route | F4: Số API | G4: API sử dụng | H4: UC | I4: Sprint
A5: SCR-W01 | B5: Web | C5: Trang chủ | D5: / | E5: Đã có placeholder | F5: 3 | G5: SPA-API-017, SPA-API-019, SPA-API-106 | H5: UC-SPA-06, UC-SPA-32 | I5: Sprint 1
A6: SCR-W02 | B6: Web | C6: Tìm kiếm dịch vụ | D6: /services | E6: Đã có placeholder | F6: 5 | G6: SPA-API-017, SPA-API-021, SPA-API-022, SPA-API-032, SPA-API-106 | H6: UC-SPA-06, UC-SPA-32 | I6: Sprint 1
A7: SCR-W03 | B7: Web | C7: Chi tiết dịch vụ | D7: /services/:serviceId | E7: Đã có placeholder | F7: 3 | G7: SPA-API-018, SPA-API-032, SPA-API-098 | H7: UC-SPA-07, UC-SPA-29 | I7: Sprint 1
A8: SCR-W04 | B8: Web | C8: Tìm kiếm gói dịch vụ | D8: /packages | E8: Đã có placeholder | F8: 2 | G8: SPA-API-019, SPA-API-032 | H8: UC-SPA-06 | I8: Sprint 1
A9: SCR-W05 | B9: Web | C9: Chi tiết gói dịch vụ | D9: /packages/:packageId | E9: Đã có placeholder | F9: 3 | G9: SPA-API-020, SPA-API-032, SPA-API-099 | H9: UC-SPA-07, UC-SPA-29 | I9: Sprint 1
A10: SCR-W06 | B10: Web | C10: Giới thiệu spa | D10: /about | E10: Đề xuất thêm | F10: 1 | G10: SPA-API-023 | H10: UC-SPA-08 | I10: Sprint 1
A11: SCR-W07 | B11: Web | C11: Đăng nhập | D11: /login | E11: Đã có placeholder | F11: 1 | G11: SPA-API-003 | H11: UC-SPA-02 | I11: Sprint 1
A12: SCR-W08 | B12: Web | C12: Đăng ký (2 bước: thông tin → OTP) | D12: /register | E12: Đã có placeholder | F12: 2 | G12: SPA-API-001, SPA-API-002 | H12: UC-SPA-01 | I12: Sprint 1
A13: SCR-W09 | B13: Web | C13: Quên mật khẩu (email → OTP → mật khẩu mới) | D13: /forgot-password | E13: Đề xuất thêm | F13: 3 | G13: SPA-API-006, SPA-API-007, SPA-API-008 | H13: UC-SPA-03 | I13: Sprint 1
A14: SCR-W10 | B14: Web | C14: Giỏ hàng | D14: /cart | E14: Đề xuất thêm | F14: 2 | G14: SPA-API-031, SPA-API-033 | H14: UC-SPA-10 | I14: Sprint 2
A15: SCR-W11 | B15: Web | C15: Thanh toán | D15: /checkout?orderId= | E15: Đề xuất thêm | F15: 5 | G15: SPA-API-034, SPA-API-035, SPA-API-036, SPA-API-037, SPA-API-041 | H15: UC-SPA-11 | I15: Sprint 2
A16: SCR-W12 | B16: Web | C16: Kết quả thanh toán | D16: /payment/result | E16: Đề xuất thêm | F16: 2 | G16: SPA-API-038, SPA-API-041 | H16: UC-SPA-11 | I16: Sprint 2
... A76: SCR-M32 | B76: Android | C76: Báo cáo | D76: app/(owner)/reports.tsx | E76: Đã có placeholder | F76: 1 | G76: SPA-API-107 | H76: UC-SPA-33 | I76: Sprint 3

Sheet 17_DB_Bang
A1: 17 · DANH MỤC BẢNG CSDL (POSTGRESQL)
A2: 26 bảng theo DA + 3 bảng đề xuất bổ sung
A3: Tên bảng/cột giữ nguyên theo mục 'Phân tích dữ liệu' của DA. Bảng nguồn 'ĐX' không có trong DA (xem RS-17).
A4: Nhóm | B4: Bảng | C4: Mục đích | D4: Nguồn | E4: Số cột | F4: Số FK | G4: Sprint | H4: UC liên quan
A5: AUTH | B5: NguoiDung | C5: Tài khoản dùng chung cho khách hàng, nhân viên, chủ spa | D5: DA | E5: 12 | F5: 0 | G5: Sprint 1 | H5: UC-SPA-01, UC-SPA-02, UC-SPA-03, UC-SPA-04, UC-SPA-05, UC-SPA-22, UC-SPA-25
A6: AUTH | B6: ChuSpa | C6: Thông tin riêng của chủ spa (1-1 với NguoiDung) | D6: DA | E6: 2 | F6: 1 | G6: Sprint 1 | H6: UC-SPA-04
A7: AUTH | B7: KhachHang | C7: Thông tin riêng của khách hàng (1-1 với NguoiDung) | D7: DA | E7: 2 | F7: 1 | G7: Sprint 1 | H7: UC-SPA-01, UC-SPA-04, UC-SPA-05, UC-SPA-25, UC-SPA-26
A8: STF | B8: NhanVien | C8: Thông tin riêng của nhân viên (1-1 với NguoiDung) | D8: DA | E8: 4 | F8: 1 | G8: Sprint 1 | H8: UC-SPA-04, UC-SPA-05, UC-SPA-17, UC-SPA-20, UC-SPA-22, UC-SPA-23
A9: CAT | B9: DichVu | C9: Dịch vụ chăm sóc da lẻ | D9: DA | E9: 10 | F9: 0 | G9: Sprint 1 | H9: UC-SPA-06, UC-SPA-07, UC-SPA-09, UC-SPA-10, UC-SPA-15, UC-SPA-20, UC-SPA-25, UC-SPA-29, UC-SPA-32
A10: CAT | B10: GoiDichVu | C10: Gói dịch vụ nhiều buổi | D10: DA | E10: 10 | F10: 0 | G10: Sprint 1 | H10: UC-SPA-06, UC-SPA-07, UC-SPA-09, UC-SPA-10, UC-SPA-29, UC-SPA-32
A11: CAT | B11: GoiDichVuChiTiet | C11: Dịch vụ thành phần của gói, số buổi, thứ tự, khoảng cách | D11: DA | E11: 7 | F11: 2 | G11: Sprint 1 | H11: UC-SPA-06, UC-SPA-07, UC-SPA-09, UC-SPA-15
A12: STF | B12: NhanVien_DichVu | C12: Kỹ năng: nhân viên thực hiện được dịch vụ nào | D12: DA | E12: 2 | F12: 2 | G12: Sprint 1 | H12: UC-SPA-15, UC-SPA-17, UC-SPA-22
A13: STF | B13: LichLamViec | C13: Ca làm việc của nhân viên | D13: DA | E13: 6 | F13: 1 | G13: Sprint 1 | H13: UC-SPA-15, UC-SPA-16, UC-SPA-17, UC-SPA-23, UC-SPA-24
A14: PRM | B14: KhuyenMai | C14: Chương trình khuyến mãi | D14: DA | E14: 12 | F14: 0 | G14: Sprint 2 | H14: UC-SPA-11, UC-SPA-14
A15: ORD | B15: GioHang | C15: Giỏ hàng (mỗi khách 1 giỏ) | D15: DA | E15: 4 | F15: 1 | G15: Sprint 2 | H15: UC-SPA-10
A16: ORD | B16: ChiTietGioHang | C16: Sản phẩm trong giỏ | D16: DA | E16: 6 | F16: 3 | G16: Sprint 2 | H16: UC-SPA-10, UC-SPA-11
... A33: CAT | B33: ThongTinSpa | C33: Thông tin giới thiệu, liên hệ, giờ mở cửa (UC-SPA-08) — có thể thay bằng cấu hình tĩnh | D33: ĐX (bổ sung) | E33: 7 | F33: 0 | G33: Sprint 1 | H33: UC-SPA-08

Sheet 18_DB_Cot
A1: 18 · CHI TIẾT THUỘC TÍNH
A2: 228 thuộc tính
A3: Cột A–D, F, G theo DA; 'Kiểu PostgreSQL (ĐX)' là ánh xạ đề xuất khi cài đặt bằng EF Core/Npgsql.
A4: Nhóm | B4: Bảng | C4: Thuộc tính | D4: Kiểu (DA) | E4: Kiểu PostgreSQL (ĐX) | F4: Ràng buộc (DA) | G4: Mô tả (DA) | H4: Nguồn
A5: AUTH | B5: NguoiDung | C5: MaNguoiDung | D5: UUID | E5: uuid | F5: Khóa chính, not null | G5: Mã định danh người dùng | H5: DA
A6: AUTH | B6: NguoiDung | C6: HoTen | D6: STRING | E6: varchar(255) | F6: Not null | G6: Họ và tên người dùng | H6: DA
A7: AUTH | B7: NguoiDung | C7: Email | D7: STRING | E7: citext | F7: Unique, not null | G7: Địa chỉ email đăng nhập | H7: DA
A8: AUTH | B8: NguoiDung | C8: SDT | D8: STRING | E8: varchar(15) | F8: Unique, not null | G8: Số điện thoại | H8: DA
A9: AUTH | B9: NguoiDung | C9: MatKhauHash | D9: STRING | E9: varchar(50) | F9: Not null | G9: Mật khẩu đã được băm | H9: DA
A10: AUTH | B10: NguoiDung | C10: VaiTro | D10: ENUM | E10: varchar(30) + CHECK | F10: Not null | G10: Vai trò người dùng | H10: DA
A11: AUTH | B11: NguoiDung | C11: AnhDaiDien | D11: STRING | E11: varchar(500) | F11: Cho phép null | G11: Đường dẫn ảnh đại diện | H11: DA
A12: AUTH | B12: NguoiDung | C12: TrangThai | D12: ENUM | E12: varchar(30) + CHECK | F12: Not null | G12: Trạng thái tài khoản | H12: DA
A13: AUTH | B13: NguoiDung | C13: NgaySinh | D13: DATE | E13: date | F13: Cho phép null | G13: Ngày sinh người dùng | H13: DA
A14: AUTH | B14: NguoiDung | C14: GioiTinh | D14: ENUM | E14: varchar(30) + CHECK | F14: Cho phép null | G14: Giới tính người dùng | H14: DA
A15: AUTH | B15: NguoiDung | C15: NgayTao | D15: DATETIME | E15: timestamptz | F15: Not null | G15: Thời điểm tạo tài khoản | H15: DA
... A210: NTF | B210: ThongBao | C210: NgayTao | D210: DATETIME | E210: timestamptz | F210: Not null | G210: Thời điểm tạo thông báo | H210: DA
A211: AUTH | B211: MaOtp | C211: Id | D211: UUID | E211: uuid | F211: Khóa chính, not null | H211: ĐX (bổ sung)
A212: AUTH | B212: MaOtp | C212: Email | D212: STRING | E212: citext | F212: Not null; index | G212: Email nhận OTP | H212: ĐX (bổ sung)
A213: AUTH | B213: MaOtp | C213: MucDich | D213: ENUM | E213: varchar(30) + CHECK | F213: Not null | G213: DangKy | H213: ĐX (bổ sung)
A214: AUTH | B214: MaOtp | C214: MaOtpHash | D214: STRING | E214: varchar(50) | F214: Not null | G214: Hash của OTP (không lưu OTP thô) | H214: ĐX (bổ sung)
A215: AUTH | B215: MaOtp | C215: DuLieuDangKy | D215: JSONB | E215: jsonb | F215: Cho phép null | G215: Họ tên, SĐT, mật khẩu đã băm chờ xác thực (chỉ khi DangKy) | H215: ĐX (bổ sung)
A216: AUTH | B216: MaOtp | C216: SoLanSai | D216: INTEGER | E216: integer | F216: Not null, ≥ 0 | G216: Chặn sau 5 lần | H216: ĐX (bổ sung)
A217: AUTH | B217: MaOtp | C217: HetHanLuc | D217: DATETIME | E217: timestamptz | F217: Not null | G217: 5 phút | H217: ĐX (bổ sung)
A218: AUTH | B218: MaOtp | C218: DaDungLuc | D218: DATETIME | E218: timestamptz | F218: Cho phép null | H218: ĐX (bổ sung)
A219: AUTH | B219: MaOtp | C219: NgayTao | D219: DATETIME | E219: timestamptz | F219: Not null | H219: ĐX (bổ sung)
A220: AUTH | B220: RefreshToken | C220: Id | D220: UUID | E220: uuid | F220: Khóa chính, not null | H220: ĐX (bổ sung)
A221: AUTH | B221: RefreshToken | C221: MaNguoiDung | D221: UUID | E221: uuid | F221: Khóa ngoại tham chiếu NguoiDung.MaNguoiDung; not null | H221: ĐX (bổ sung)
A222: AUTH | B222: RefreshToken | C222: TokenHash | D222: STRING | E222: varchar(255) | F222: Unique, not null | H222: ĐX (bổ sung)
A223: AUTH | B223: RefreshToken | C223: HetHanLuc | D223: DATETIME | E223: timestamptz | F223: Not null | H223: ĐX (bổ sung)
A224: AUTH | B224: RefreshToken | C224: ThuHoiLuc | D224: DATETIME | E224: timestamptz | F224: Cho phép null | G224: Khi đăng xuất, đổi mật khẩu, bị khóa | H224: ĐX (bổ sung)
A225: AUTH | B225: RefreshToken | C225: NgayTao | D225: DATETIME | E225: timestamptz | F225: Not null | H225: ĐX (bổ sung)
A226: CAT | B226: ThongTinSpa | C226: Id | D226: UUID | E226: uuid | F226: Khóa chính, not null | G226: Một dòng duy nhất | H226: ĐX (bổ sung)
A227: CAT | B227: ThongTinSpa | C227: TenSpa | D227: STRING | E227: varchar(255) | F227: Not null | G227: Spa Như Nguyệt | H227: ĐX (bổ sung)
A228: CAT | B228: ThongTinSpa | C228: GioiThieu | D228: TEXT | E228: text | F228: Cho phép null | H228: ĐX (bổ sung)
A229: CAT | B229: ThongTinSpa | C229: DiaChi | D229: STRING | E229: varchar(255) | F229: Cho phép null | H229: ĐX (bổ sung)
A230: CAT | B230: ThongTinSpa | C230: SDT | D230: STRING | E230: varchar(15) | F230: Cho phép null | H230: ĐX (bổ sung)
A231: CAT | B231: ThongTinSpa | C231: GioMoCua | D231: JSONB | E231: jsonb | F231: Cho phép null | G231: Giờ mở cửa theo thứ | H231: ĐX (bổ sung)
A232: CAT | B232: ThongTinSpa | C232: ChinhSach | D232: JSONB | E232: jsonb | F232: Cho phép null | G232: Thời gian giữ chỗ, hạn đổi/hủy lịch… | H232: ĐX (bổ sung)

Sheet 19_DB_FK
A1: 19 · QUAN HỆ KHÓA NGOẠI
A2: 42 quan hệ (trích từ cột Ràng buộc của DA)
A3: Hành vi xóa là đề xuất: RESTRICT để giữ lịch sử, CASCADE cho chi tiết giỏ hàng.
A4: Bảng con | B4: Thuộc tính FK | C4: Bảng cha | D4: Khóa cha | E4: Cho phép null | F4: Hành vi xóa (ĐX) | G4: Nguồn
A5: ChuSpa | B5: MaNguoiDung | C5: NguoiDung | D5: MaNguoiDung | E5: Không | F5: RESTRICT | G5: DA
A6: KhachHang | B6: MaNguoiDung | C6: NguoiDung | D6: MaNguoiDung | E6: Không | F6: RESTRICT | G6: DA
A7: NhanVien | B7: MaNguoiDung | C7: NguoiDung | D7: MaNguoiDung | E7: Không | F7: RESTRICT | G7: DA
A8: GoiDichVuChiTiet | B8: IdDichVu | C8: DichVu | D8: Id | E8: Không | F8: RESTRICT | G8: DA
A9: GoiDichVuChiTiet | B9: IdGoiDichVu | C9: GoiDichVu | D9: Id | E9: Không | F9: RESTRICT | G9: DA
A10: NhanVien_DichVu | B10: IdNhanVien | C10: NhanVien | D10: MaNguoiDung | E10: Không | F10: RESTRICT | G10: DA
A11: NhanVien_DichVu | B11: IdDichVu | C11: DichVu | D11: Id | E11: Không | F11: RESTRICT | G11: DA
A12: LichLamViec | B12: IdNhanVien | C12: NhanVien | D12: MaNguoiDung | E12: Không | F12: RESTRICT | G12: DA
A13: GioHang | B13: IdKhachHang | C13: KhachHang | D13: MaNguoiDung | E13: Không | F13: RESTRICT | G13: DA
A14: ChiTietGioHang | B14: IdGioHang | C14: GioHang | D14: Id | E14: Không | F14: CASCADE | G14: DA
A15: ChiTietGioHang | B15: IdDichVu | C15: DichVu | D15: Id | E15: Có | F15: RESTRICT | G15: DA
... A46: RefreshToken | B46: MaNguoiDung | C46: NguoiDung | D46: MaNguoiDung | E46: Không | F46: RESTRICT | G46: ĐX (bổ sung)

Sheet 20_Enum
A1: 20 · GIÁ TRỊ ENUM ĐỀ XUẤT
A2: 19 cột ENUM
A3: DA chỉ ghi kiểu ENUM, chưa liệt kê giá trị (RS-18). Lưu dạng chuỗi + CHECK để dễ đọc khi truy vấn.
A4: Bảng | B4: Cột | C4: Giá trị đề xuất | D4: Ghi chú
A5: NguoiDung | B5: VaiTro | C5: KhachHang | NhanVien | ChuSpa | D5: Khớp 3 nhóm người dùng của DA
A6: NguoiDung | B6: TrangThai | C6: HoatDong | BiKhoa | NgungHoatDong | D6: BiKhoa: chủ spa khóa (UC-SPA-05); NgungHoatDong: nhân viên nghỉ việc (UC-SPA-22) — UC Đăng nhập E2
A7: NguoiDung | B7: GioiTinh | C7: Nam | Nu | Khac
A8: DichVu | B8: TrangThai | C8: DangBan | NgungBan | D8: DA dùng 'DangBan' trong UC Tìm kiếm
A9: GoiDichVu | B9: TrangThai | C9: DangBan | NgungBan | D9: Kết hợp NgayBatDauBan/NgayKetThucBan khi lọc
A10: LichLamViec | B10: TrangThai | C10: HoatDong | DaHuy | D10: Ca DaHuy không dùng để tính giờ trống
A11: KhuyenMai | B11: LoaiGiamGia | C11: PhanTram | SoTien | D11: GiaTri ≤ 100 khi PhanTram
A12: KhuyenMai | B12: TrangThai | C12: HoatDong | NgungApDung | D12: UC-SPA-14 A2 'ngừng khuyến mãi'
A13: DonHang | B13: TrangThai | C13: ChoThanhToan | DaThanhToan | DaHuy | HetHan | D13: HetHan khi quá HetHanThanhToanLuc
A14: ThanhToan | B14: TrangThai | C14: DangCho | ThanhCong | ThatBai | HetHan | D14: Một đơn có nhiều lần thử (UC-SPA-11 A2)
A15: DichVuKhachHang | B15: TrangThai | C15: ChuaSuDung | DaDatLich | DaSuDung | HetHan
A16: GoiKhachHang | B16: TrangThai | C16: DangSuDung | HoanThanh | HetHan | DaHuy | D16: Đề xuất kích hoạt ngay khi thanh toán (NgayKichHoat = thời điểm thanh toán)
A17: LieuTrinh | B17: TrangThai | C17: ChuaBatDau | DangThucHien | HoanThanh | TamDung | DaHuy
A18: BuoiChamSoc | B18: TrangThai | C18: ChuaDat | DaDatLich | HoanThanh | BoQua
A19: LichHen | B19: TrangThai | C19: GiuCho | ChoXacNhan | DaXacNhan | HoanThanh | DaHuy | KhongDen | HetHanGiuCho | D19: GiuCho: luồng 1 chờ thanh toán; ChoXacNhan: luồng 2 nếu chủ spa phải xác nhận (cần chốt)
A20: HoSoDa | B20: LoaiDa | C20: Thuong | Kho | Dau | HonHop | NhayCam
A21: DiUngKhachHang | B21: MucDo | C21: Nhe | TrungBinh | Nang
A22: DanhGia | B22: TrangThai | C22: HienThi | An | D22: UC-SPA-31
A23: ThongBao | B23: Loai | C23: LichHen | ThanhToan | LieuTrinh | KhuyenMai | HeThong

Sheet 21_Phan_quyen
A1: 21 · MA TRẬN PHÂN QUYỀN
A2: Theo danh sách actor của DA
A3: ✓ = được phép; ghi chú = giới hạn phạm vi. Kiểm tra tại API (BR-SEC-01).
A4: Permission | B4: Mô tả | C4: UC | D4: Khách vãng lai | E4: Khách hàng | F4: Nhân viên | G4: Chủ spa
A5: catalog.view | B5: Tìm kiếm, xem chi tiết dịch vụ/gói, giới thiệu spa, đánh giá | C5: UC-SPA-06, 07, 08, 29 | D5: ✓ | E5: ✓ | F5: ✓ | G5: ✓
A6: auth.register / login / forgot | B6: Đăng ký, đăng nhập, quên mật khẩu | C6: UC-SPA-01, 02, 03 | D6: ✓ | E6: ✓ | F6: ✓ | G6: ✓
A7: account.self | B7: Cập nhật thông tin tài khoản | C7: UC-SPA-04 | E7: ✓ | F7: ✓ | G7: ✓
A8: account.manage | B8: Quản lý tài khoản người dùng (xem, sửa, khóa) | C8: UC-SPA-05 | G8: ✓
A9: catalog.manage | B9: Quản lý dịch vụ và gói | C9: UC-SPA-09 | G9: ✓
A10: cart.self | B10: Quản lý giỏ hàng | C10: UC-SPA-10 | E10: ✓
A11: order.self | B11: Thanh toán, đơn hàng của tôi | C11: UC-SPA-11, 12 | E11: ✓
A12: order.manage | B12: Quản lý đơn hàng (xem, hủy chưa thanh toán) | C12: UC-SPA-13 | G12: ✓
A13: promotion.manage | B13: Quản lý khuyến mãi | C13: UC-SPA-14 | G13: ✓
A14: appointment.self | B14: Đặt lịch, xem/đổi/hủy lịch của tôi | C14: UC-SPA-15, 16 | E14: ✓
A15: appointment.manage | B15: Quản lý lịch hẹn (xác nhận, đổi giờ, đổi nhân viên, hủy, không đến) | C15: UC-SPA-17 | G15: ✓
A16: purchase.self | B16: Dịch vụ và gói đã mua, liệu trình, lịch sử sử dụng | C16: UC-SPA-18, 19, 20 | E16: ✓
A17: treatment.manage | B17: Quản lý liệu trình và lịch sử chăm sóc | C17: UC-SPA-21 | F17: ✓ (liệu trình phụ trách) | G17: ✓
A18: staff.manage | B18: Quản lý nhân viên | C18: UC-SPA-22 | G18: ✓
A19: schedule.manage | B19: Phân công lịch làm việc | C19: UC-SPA-23 | G19: ✓
A20: schedule.self | B20: Xem lịch làm việc cá nhân, lịch hẹn được phân công | C20: UC-SPA-24, 25 | F20: ✓
A21: care.write | B21: Lịch sử khách đã chăm sóc, hồ sơ da, xác nhận hoàn thành | C21: UC-SPA-26, 27, 28 | F21: ✓ (lịch của mình)
A22: review.write | B22: Đánh giá dịch vụ | C22: UC-SPA-30 | E22: ✓
A23: review.manage | B23: Phản hồi, ẩn đánh giá | C23: UC-SPA-31 | G23: ✓
A24: ai.chat | B24: Trò chuyện với trợ lý AI | C24: UC-SPA-32 | D24: ✓ (không lưu lịch sử — cần chốt) | E24: ✓
A25: report.view | B25: Thống kê báo cáo doanh thu | C25: UC-SPA-33 | G25: ✓
A26: notification.self | B26: Xem thông báo | C26: UC-SPA-34 | E26: ✓ | F26: ✓ | G26: (DA chưa liệt kê)

Sheet 22_Loi_API
A1: 22 · MÃ LỖI API
A2: 23 mã
A3: Gắn với các luồng ngoại lệ E1/E2 trong đặc tả; khớp exception middleware của foundation.
A4: HTTP | B4: Mã lỗi | C4: Điều kiện | D4: Hướng xử lý FE | E4: Tham chiếu
A5: 400 | B5: VALIDATION_ERROR | C5: Dữ liệu không hợp lệ (các E1 'dữ liệu không hợp lệ' trong DA) | D5: Hiển thị lỗi theo trường | E5: Email sai định dạng
A6: 400 | B6: OTP_INVALID / OTP_EXPIRED / OTP_TOO_MANY_ATTEMPTS | C6: OTP sai, hết hạn, quá số lần | D6: Cho nhập lại / gửi lại OTP | E6: UC-SPA-01 E2, UC-SPA-03 E2
A7: 400 | B7: PROMO_INVALID / PROMO_NOT_APPLICABLE | C7: Mã không tồn tại, hết hạn, không đạt điều kiện | D7: Hiển thị dưới ô nhập mã | E7: UC-SPA-11 E1
A8: 400 | B8: ENTITLEMENT_NOT_ELIGIBLE | C8: Quyền/buổi hết hạn, hết lượt, chưa đủ điều kiện | D8: Hiển thị lý do | E8: UC-SPA-15 luồng 2 E1
A9: 400 | B9: CHANGE_WINDOW_PASSED | C9: Đổi/hủy quá thời hạn cho phép | D9: Hướng dẫn liên hệ spa | E9: UC-SPA-16
A10: 400 | B10: REVIEW_NOT_ELIGIBLE | C10: Chưa đủ điều kiện đánh giá | D10: Hiển thị lý do | E10: UC-SPA-30 E1
A11: 400 | B11: COMPLETE_NOT_ALLOWED | C11: Sai trạng thái lịch, chưa đến giờ, quyền đã dùng | D11: Hiển thị lý do | E11: UC-SPA-28 E1
A12: 400 | B12: AI_INVALID_INPUT | C12: Câu hỏi rỗng/quá dài/không phù hợp | D12: Yêu cầu nhập lại | E12: UC-SPA-32 E1
A13: 401 | B13: INVALID_CREDENTIALS / UNAUTHORIZED | C13: Sai thông tin đăng nhập; token hết hạn | D13: Refresh 1 lần; thất bại → /login | E13: UC-SPA-02 E1
A14: 403 | B14: ACCOUNT_LOCKED | C14: Tài khoản bị khóa/ngừng hoạt động | D14: Thông báo và kết thúc | E14: UC-SPA-02 E2
A15: 403 | B15: FORBIDDEN | C15: Sai vai trò hoặc ngoài phạm vi dữ liệu | D15: Trang /forbidden | E15: Nhân viên mở lịch của người khác
... A27: 500 | B27: INTERNAL_ERROR | C27: Lỗi không mong đợi; chỉ trả traceId | D27: ErrorState kèm traceId | E27: —

Sheet 23_UAT
A1: 23 · KỊCH BẢN KIỂM THỬ
A2: 28 test case
A3: Giai đoạn kiểm thử theo đề cương: 23/11 → 06/12/2026. DA nhấn mạnh kiểm thử cơ chế chống trùng lịch.
A4: Mã | B4: Nhóm | C4: UC | D4: Tình huống | E4: Kết quả mong đợi | F4: Ưu tiên | G4: Kết quả | H4: Ghi chú
A5: UAT-01 | B5: Đặt lịch | C5: UC-SPA-15 | D5: Nhân viên có ca 08:00–12:00, đã có lịch DaXacNhan 09:00–10:00; tìm giờ cho dịch vụ 60 phút, bước 15' | E5: Trả 08:00 (08:00–09:00 vừa khít), không có 08:15–08:45, trả 10:00, 10:15 … 11:00 | F5: P0 | G5: Chưa chạy
A6: UAT-02 | B6: Đặt lịch | C6: UC-SPA-15 | D6: Hai khách gửi đặt cùng nhân viên, cùng khung giờ đồng thời | E6: Đúng 1 yêu cầu 201; yêu cầu còn lại 409 SLOT_UNAVAILABLE; DB chỉ 1 lịch | F6: P0 | G6: Chưa chạy
A7: UAT-03 | B7: Đặt lịch | C7: UC-SPA-15 | D7: Khách đã có lịch 14:00–15:00 với nhân viên A, đặt 14:30 với nhân viên B | E7: 409 (trùng lịch khách) | F7: P0 | G7: Chưa chạy
A8: UAT-04 | B8: Đặt lịch | C8: UC-SPA-15 | D8: Luồng 1: giữ chỗ rồi không thanh toán quá 15 phút | E8: Lịch HetHanGiuCho, đơn HetHan, khung giờ hiển thị trống lại | F8: P0 | G8: Chưa chạy
A9: UAT-05 | B9: Đặt lịch | C9: UC-SPA-15 | D9: Luồng 1: thanh toán thành công trong hạn | E9: Đơn DaThanhToan; DichVuKhachHang DaDatLich; lịch DaXacNhan; có thông báo | F9: P0 | G9: Chưa chạy
A10: UAT-06 | B10: Đặt lịch | C10: UC-SPA-15 | D10: Luồng 2: đặt buổi 3 khi buổi 2 chưa đặt | E10: 400 ENTITLEMENT_NOT_ELIGIBLE (sai thứ tự) | F10: P1 | G10: Chưa chạy
A11: UAT-07 | B11: Đặt lịch | C11: UC-SPA-15 | D11: Luồng 2: đặt buổi cách buổi trước 3 ngày, KhoangCachNgayToiThieu = 7 | E11: 400; giờ trống không hiển thị các ngày chưa đủ khoảng cách | F11: P1 | G11: Chưa chạy
A12: UAT-08 | B12: Đặt lịch | C12: UC-SPA-15 | D12: Luồng 2: gói quá NgayHetHan | E12: 400 ENTITLEMENT_NOT_ELIGIBLE | F12: P1 | G12: Chưa chạy
A13: UAT-09 | B13: Lịch hẹn | C13: UC-SPA-16 | D13: Khách hủy lịch buổi gói hợp lệ | E13: LichHen DaHuy (HuyLuc, LyDoHuy); BuoiChamSoc về ChuaDat | F13: P0 | G13: Chưa chạy
A14: UAT-10 | B14: Lịch hẹn | C14: UC-SPA-17 | D14: Chủ spa đổi sang nhân viên không có NhanVien_DichVu | E14: 400 STAFF_NOT_QUALIFIED | F14: P1 | G14: Chưa chạy
A15: UAT-11 | B15: Hoàn thành | C15: UC-SPA-28 | D15: Nhân viên hoàn thành buổi 10/10 của gói | E15: BuoiChamSoc HoanThanh; SoBuoiDaDung = 10; GoiKhachHang và LieuTrinh HoanThanh | F15: P0 | G15: Chưa chạy
A16: UAT-12 | B16: Hoàn thành | C16: UC-SPA-28 | D16: Nhân viên B xác nhận lịch của nhân viên A | E16: 403 | F16: P0 | G16: Chưa chạy
... A32: UAT-28 | B32: Phân quyền | C32: — | D32: Khách hàng gọi GET /reports/revenue | E32: 403 | F32: P0 | G32: Chưa chạy

Sheet 24_Quy_uoc_API
A1: 24 · QUY ƯỚC API
A2: Áp dụng cho web và Android
A4: Hạng mục | B4: Quy ước | C4: Ghi chú
A5: Base URL | B5: /api/v1 | C5: Khớp foundation (/api/v1/system/ping)
A6: Response | B6: { success, message, data, errors, traceId } | C6: Envelope đã có ở API layer
A7: Phân trang | B7: ?page=1&pageSize=10 (1–100) | C7: PagedQuery/PagedResult đã có ở Application
A8: Đặt tên JSON | B8: camelCase theo tên thuộc tính DA (idDichVu, ngayHen, gioBatDau, trangThai…) | C8: Enum trả dạng chuỗi (DangBan, GiuCho…)
A9: Ngày giờ | B9: Ngày: yyyy-MM-dd; giờ: HH:mm (giờ VN) cho NgayHen/GioBatDau; DATETIME: ISO-8601 UTC | C9: BR-GEN-01
A10: Tiền | B10: VND, số nguyên | C10: DECIMAL trong DA → numeric(12,0)
A11: ID | B11: UUID (Guid) | C11: Khớp DA và foundation
A12: Xác thực | B12: Authorization: Bearer <JWT>; refresh token xoay vòng | C12: DA: JWT
A13: Phân quyền | B13: Policy theo VaiTro + kiểm tra phạm vi dữ liệu ở API | C13: RouteGuard FE chỉ là UX
A14: Tài nguyên cá nhân | B14: /api/v1/me/… | C14: Không nhận IdKhachHang/IdNhanVien từ client
A15: Idempotency | B15: Header Idempotency-Key cho POST đặt lịch, tạo đơn, tạo thanh toán | C15: Chống bấm 2 lần
... A18: CORS / HTTPS | B18: Cors:AllowedOrigins theo môi trường; HTTPS ở môi trường thật | C18: Đã có ở foundation

Sheet 25_Ke_hoach
A1: 25 · KẾ HOẠCH THỰC HIỆN
A2: Bảng tiến độ của đề cương (DA không có) + phân bổ sprint đề xuất
A3: Tình trạng đối chiếu với repo tại 25/10/2026.
A4: TT | B4: Từ ngày | C4: Đến ngày | D4: Nội dung công việc | E4: Kết quả dự kiến | F4: Phạm vi / tài liệu | G4: Tình trạng (25/10/2026)
A5: 1 | B5: 31/08/2026 | C5: 06/09/2026 | D5: Xác định đề tài, mục tiêu nghiên cứu và công nghệ sử dụng | E5: Đề tài và định hướng thực hiện | F5: Mở đầu DA | G5: Đã qua
A6: 2 | B6: 07/09/2026 | C6: 13/09/2026 | D6: Xây dựng đề cương và nhiệm vụ ĐATN | E6: Đề cương và nhiệm vụ ĐATN | F6: — | G6: Đã qua
A7: 3 | B7: 14/09/2026 | C7: 27/09/2026 | D7: Phân tích yêu cầu hệ thống và thiết kế hệ thống | E7: Tài liệu phân tích thiết kế hệ thống | F7: DA Chương 2 (đặc tả 32/34 UC, sơ đồ) — xem 26_Ra_soat_DA | G7: Đã có trong DA
A8: 4 | B8: 28/09/2026 | C8: 11/10/2026 | D8: Thiết kế và cài đặt cơ sở dữ liệu PostgreSQL | E8: Cơ sở dữ liệu được thiết kế và cài đặt | F8: DA: 26 bảng (17_DB_Bang); repo chưa có EF Core/migration | G8: Thiết kế xong — chưa cài đặt trong repo
A9: 5 | B9: 12/10/2026 | C9: 25/10/2026 | D9: Xây dựng Backend với C# | E9: Các API xử lý dữ liệu | F9: Sprint 1 BE | G9: Đang diễn ra — repo mới có foundation + /system/ping
A10: 6 | B10: 26/10/2026 | C10: 08/11/2026 | D10: Xây dựng Frontend với ReactJS và kết nối Backend | E10: Hệ thống hoạt động với các chức năng cơ bản | F10: Sprint 1 FE + Sprint 2 BE | G10: Sắp tới
A11: 7 | B11: 09/11/2026 | C11: 22/11/2026 | D11: Xây dựng ứng dụng Android và kết nối Backend | E11: Ứng dụng Android hoạt động với chức năng cơ bản | F11: Mobile + Sprint 3 BE | G11: Sắp tới
A12: 8 | B12: 23/11/2026 | C12: 06/12/2026 | D12: Kiểm thử hệ thống (Web & Android), sửa lỗi | E12: Hệ thống ổn định trên Web và Android | F12: Sheet 23_UAT | G12: Sắp tới
A13: 9 | B13: 07/12/2026 | C13: 13/12/2026 | D13: Deploy Website và đóng gói APK | E13: Website trên Internet, APK sẵn sàng | F13: Docker compose đã có (API + web) | G13: Sắp tới
A14: 10 | B14: 14/12/2026 | C14: 20/12/2026 | D14: Hoàn thiện báo cáo và slide | E14: File báo cáo và slide | F14: Sửa các mục ở 26_Ra_soat_DA | G14: Sắp tới
A16: Sprint | B16: Chủ đề | C16: Phạm vi | D16: Thời gian dự kiến | E16: Số UC | F16: UC P0
A17: Sprint 1 | B17: Tài khoản, danh mục, nhân viên, đặt lịch lõi | C17: AUTH (đăng ký OTP, đăng nhập, quên MK), CAT, STF (nhân viên, ca), BKG (giờ trống, đặt lịch, quản lý lịch hẹn) | D17: 12/10 → 08/11/2026 | E17: =COUNTIF('04_Checklist_UC'!K$5:K$200,A17) | F17: =COUNTIFS('04_Checklist_UC'!K$5:K$200,A17,'04_Checklist_UC'!I$5:I$200,"P0")
A18: Sprint 2 | B18: Mua hàng, quyền sử dụng, liệu trình, chăm sóc | C18: ORD (giỏ, thanh toán, đơn), PRM, TRT, CARE, nhân viên xem lịch, đánh giá, quản lý tài khoản | D18: 26/10 → 22/11/2026 | E18: =COUNTIF('04_Checklist_UC'!K$5:K$200,A18) | F18: =COUNTIFS('04_Checklist_UC'!K$5:K$200,A18,'04_Checklist_UC'!I$5:I$200,"P0")
A19: Sprint 3 | B19: AI, báo cáo, thông báo | C19: AI, RPT, NTF, quản lý đánh giá | D19: 09/11 → 06/12/2026 | E19: =COUNTIF('04_Checklist_UC'!K$5:K$200,A19) | F19: =COUNTIFS('04_Checklist_UC'!K$5:K$200,A19,'04_Checklist_UC'!I$5:I$200,"P0")

Sheet 26_Ra_soat_DA
A1: 26 · RÀ SOÁT TÀI LIỆU DA
A2: 25 vấn đề phát hiện khi đọc 126_DA_NTTT_NguyenXuanHoang_2214_v1.docx
A3: Nên sửa trước khi nộp báo cáo. Cột 'Đã xử lý' để theo dõi.
A4: Mã | B4: Vị trí trong DA | C4: Loại | D4: Vấn đề | E4: Đề xuất sửa | F4: Mức độ | G4: Đã xử lý
A5: RS-01 | B5: Mở đầu › Cấu trúc đồ án | C5: Nội dung sai | D5: Chương 1 mô tả 'tổng quan về tuyển dụng trực tuyến' — không thuộc đề tài spa | E5: Sửa thành 'Trình bày các công nghệ sử dụng: TypeScript, React, Tailwind CSS, .NET/ASP.NET Core, PostgreSQL/EF Core, React Native' | F5: Cao | G5: Chưa
A6: RS-02 | B6: Chương 1 › Tailwind CSS | C6: Lệch với mã nguồn | D6: DA chọn Tailwind CSS; repo SpaSystem hiện dùng CSS Modules + CSS variables | E6: Thống nhất một hướng: cài Tailwind vào apps/web hoặc sửa Chương 1 thành CSS Modules | F6: Trung bình | G6: Chưa
A7: RS-03 | B7: Chương 1 › 'React Navtive' | C7: Chính tả | D7: Tiêu đề viết sai 'Navtive' | E7: Sửa 'React Native' | F7: Thấp | G7: Chưa
A8: RS-04 | B8: §2.2.3 › UC Trò chuyện với trợ lý AI | C8: Sai tên | D8: Hàng 'Usecase name' ghi 'Xem đánh giá dịch vụ'; bước 7 bị cắt chữ 'hiển th' | E8: Sửa tên và hoàn thiện bước 7 | F8: Cao | G8: Chưa
A9: RS-05 | B9: §2.2.3 › UC Cập nhật thông tin tài khoản | C9: Sai tên | D9: Hàng 'Usecase name' ghi 'Quản lý đơn hàng đã mua' | E9: Sửa tên | F9: Cao | G9: Chưa
A10: RS-06 | B10: §2.2.3 › UC Xem lịch sử các khách hàng đã chăm sóc | C10: Sai tên | D10: Hàng 'Usecase name' ghi 'Xem danh sách lịch hẹn được phân công' | E10: Sửa tên | F10: Cao | G10: Chưa
A11: RS-07 | B11: §2.2.3 › UC Xem thông tin giới thiệu về spa | C11: Chép nhầm | D11: Luồng rẽ nhánh A1–A3 và ngoại lệ E1–E2 chép từ UC Tìm kiếm | E11: Xóa hoặc thay bằng luồng phù hợp (VD: mở bản đồ, gọi điện) | F11: Cao | G11: Chưa
A12: RS-08 | B12: §2.2.3 › UC Quên mật khẩu | C12: Nháp còn sót | D12: Ô ngoại lệ có chữ 'flowE1' và ghi chú 'Sơ đồ chưa thể hiện nhánh mật khẩu mới không hợp lệ…' | E12: Xóa chữ thừa; thêm E3 mật khẩu mới không hợp lệ/không khớp và cập nhật sơ đồ hoạt động | F12: Trung bình | G12: Chưa
A13: RS-09 | B13: §2.2.3 › UC Đặt lịch hẹn luồng 2 | C13: Mô tả sai | D13: Description 'Khách chọn lịch rồi thanh toán để xác nhận' chép từ luồng 1, nhưng luồng 2 không thanh toán | E13: Sửa: 'Khách dùng dịch vụ/buổi đã mua để đặt lịch' | F13: Trung bình | G13: Chưa
A14: RS-10 | B14: §2.2.1 › Liệt kê UC | C14: Thiếu đặc tả | D14: 'Xem chi tiết dịch vụ, gói dịch vụ' và 'Quản lý liệu trình và lịch sử chăm sóc của khách hàng' có trong danh sách nhưng không có bảng đặc tả | E14: Bổ sung 2 bảng (đề xuất ở 05_Dac_ta_UC, UC-SPA-07 và 21) | F14: Cao | G14: Chưa
A15: RS-11 | B15: §2.2.1 vs đặc tả › Trợ lý AI | C15: Không nhất quán | D15: Danh sách actor chỉ đặt UC AI cho Khách hàng, đặc tả ghi 'Khách vãng lai, khách hàng'; bảng LichSuTroChuyenAI.IdKhachHang not null | E15: Chốt: chỉ khách hàng; hoặc khách vãng lai không lưu lịch sử; hoặc cho IdKhachHang null + thêm mã phiên | F15: Cao | G15: Chưa
... A29: RS-25 | B29: Mở đầu › Mục tiêu | C29: Lệch nhẹ với đề cương | D29: DA gom 10 mục tiêu đề cương thành 5; mục 'thanh toán trực tuyến, khuyến mãi' và 'đánh giá' không còn là mục tiêu riêng (vẫn có UC) | E29: Có thể giữ, nhưng nên nhắc trong phạm vi để khớp đề cương đã duyệt | F29: Thấp | G29: Chưa

Sheet 27_Truy_vet_MT
A1: 27 · TRUY VẾT MỤC TIÊU ĐỀ TÀI → USE CASE
A2: Mục 'Mục tiêu đề tài' (MT-1..5) và 'Khảo sát người dùng' (KS) của DA
A3: Mỗi mục tiêu phải có ít nhất 1 UC.
A4: Mã | B4: Mục tiêu (DA) | C4: UC đáp ứng | D4: Số UC | E4: Kiểm tra
A5: MT-1 | B5: Quản lý và theo dõi liệu trình: mục tiêu, quy trình, lịch thực hiện, số buổi đã dùng/còn lại; lịch sử sử dụng dịch vụ | C5: UC-SPA-18, UC-SPA-19, UC-SPA-20, UC-SPA-21 | D5: 4 | E5: =IF(D5>0,"Đã phủ","CHƯA PHỦ")
A6: MT-2 | B6: Trợ lý AI tìm kiếm/đề xuất dịch vụ theo nhu cầu, giải đáp dịch vụ, giá, lịch hẹn, số buổi còn lại; không chẩn đoán y khoa | C6: UC-SPA-32, UC-SPA-06 | D6: 2 | E6: =IF(D6>0,"Đã phủ","CHƯA PHỦ")
A7: MT-3 | B7: Thuật toán quản lý và tối ưu lịch hẹn: kiểm tra hợp lệ, xác định thời gian trống, sắp xếp lịch, ngăn trùng lịch khách hàng – nhân viên | C7: UC-SPA-15, UC-SPA-16, UC-SPA-17, UC-SPA-23 | D7: 4 | E7: =IF(D7>0,"Đã phủ","CHƯA PHỦ")
A8: MT-4 | B8: Quản trị cho chủ spa: nhân viên, phân công lịch làm việc; dịch vụ, gói, khuyến mãi; lịch hẹn, liệu trình, lịch sử sử dụng dịch vụ | C8: UC-SPA-05, UC-SPA-09, UC-SPA-13, UC-SPA-14, UC-SPA-17, UC-SPA-21, UC-SPA-22, UC-SPA-23, UC-SPA-31 | D8: 9 | E8: =IF(D8>0,"Đã phủ","CHƯA PHỦ")
A9: MT-5 | B9: Thống kê, báo cáo, trực quan hóa doanh thu theo tháng, quý, năm | C9: UC-SPA-33 | D9: 1 | E9: =IF(D9>0,"Đã phủ","CHƯA PHỦ")
A10: KS | B10: Chức năng trọng tâm từ khảo sát người dùng: đăng ký, đăng nhập, tra cứu, AI, đặt lịch, thanh toán & khuyến mãi, liệu trình, đánh giá, nhân viên, lịch hẹn, báo cáo | C10: UC-SPA-01, UC-SPA-02, UC-SPA-06, UC-SPA-11, UC-SPA-15, UC-SPA-19, UC-SPA-30 | D10: 7 | E10: =IF(D10>0,"Đã phủ","CHƯA PHỦ")
